Roll No.,Professional Elective 1,Professional Elective 2,Core Section
2229001,,,CSE-01
2229002,,,CSE-03
2229003,,,CSE-01
2229004,,,CSE-02
2229005,,,CSE-01
2229006,,,CSE-01
2229008,,,CSE-02
2229009,,,CSE-03
2229010,,,CSE-03
2229011,,,CSE-02
2229012,,,CSE-03
2229013,,,CSE-01
2229015,,,CSE-01
2229016,,,CSE-03
2229017,,,CSE-03
2229018,,,CSE-01
2229019,,,CSE-03
2229020,,,CSE-01
2229021,,,CSE-03
2229022,,,CSE-01
2229023,,,CSE-03
2229024,,,CSE-01
2229025,,,CSE-01
2229026,,,CSE-01
2229027,,,CSE-02
2229029,,,CSE-01
2229030,,,CSE-03
2229031,,,CSE-02
2229032,,,CSE-01
2229033,,,CSE-02
2229034,,,CSE-01
2229035,,,CSE-03
2229036,,,CSE-01
2229037,,,CSE-03
2229038,,,CSE-02
2229041,,,CSE-01
2229042,,,CSE-01
2229043,,,CSE-02
2229044,,,CSE-01
2229045,,,CSE-02
2229046,,,CSE-02
2229048,,,CSE-01
2229049,,,CSE-01
2229050,,,CSE-03
2229051,,,CSE-02
2229052,,,CSE-01
2229053,,,CSE-02
2229054,,,CSE-02
2229055,,,CSE-02
2229056,,,CSE-01
2229057,,,CSE-03
2229059,,,CSE-03
2229060,,,CSE-03
2229061,,,CSE-03
2229062,,,CSE-02
2229063,,,CSE-03
2229064,,,CSE-03
2229065,,,CSE-02
2229066,,,CSE-02
2229067,,,CSE-03
2229068,,,CSE-02
2229069,,,CSE-02
2229070,,,CSE-01
2229071,,,CSE-01
2229072,,,CSE-03
2229073,,,CSE-02
2229075,,,CSE-03
2229076,,,CSE-03
2229077,,,CSE-02
2229078,,,CSE-01
2229079,,,CSE-01
2229080,,,CSE-02
2229081,,,CSE-01
2229082,,,CSE-01
2229083,,,CSE-02
2229084,,,CSE-03
2229085,,,CSE-03
2229087,,,CSE-01
2229088,,,CSE-03
2229090,,,CSE-03
2229091,,,CSE-01
2229092,,,CSE-02
2229093,,,CSE-02
2229095,,,CSE-03
2229096,,,CSE-02
2229098,,,CSE-01
2229099,,,CSE-03
2229100,,,CSE-03
2229101,,,CSE-03
2229102,,,CSE-03
2229103,,,CSE-01
2229104,,,CSE-01
2229105,,,CSE-01
2229106,,,CSE-03
2229108,,,CSE-02
2229109,,,CSE-02
2229110,,,CSE-03
2229111,,,CSE-01
2229112,,,CSE-03
2229113,,,CSE-02
2229114,,,CSE-03
2229115,,,CSE-03
2229116,,,CSE-03
2229117,,,CSE-03
2229118,,,CSE-03
2229119,,,CSE-03
2229120,,,CSE-03
2229121,,,CSE-03
2229122,,,CSE-02
2229124,,,CSE-03
2229125,,,CSE-01
2229126,,,CSE-03
2229127,,,CSE-01
2229128,,,CSE-01
2229129,,,CSE-01
2229130,,,CSE-01
2229131,,,CSE-03
2229132,,,CSE-03
2229133,,,CSE-01
2229134,,,CSE-03
2229136,,,CSE-02
2229137,,,CSE-02
2229138,,,CSE-02
2229139,,,CSE-03
2229140,,,CSE-01
2229141,,,CSE-01
2229142,,,CSE-02
2229143,,,CSE-02
2229144,,,CSE-01
2229145,,,CSE-03
2229146,,,CSE-03
2229147,,,CSE-02
2229148,,,CSE-01
2229150,,,CSE-01
2229151,,,CSE-01
2229152,,,CSE-02
2229154,,,CSE-01
2229155,,,CSE-02
2229156,,,CSE-02
2229157,,,CSE-02
2229158,,,CSE-03
2229159,,,CSE-01
2229160,,,CSE-01
2229162,,,CSE-02
2229163,,,CSE-03
2229164,,,CSE-01
2229165,,,CSE-01
2229166,,,CSE-03
2229167,,,CSE-02
2229168,,,CSE-01
2229169,,,CSE-02
2229170,,,CSE-03
2229172,,,CSE-01
2229173,,,CSE-03
2229176,,,CSE-02
2229177,,,CSE-02
2229178,,,CSE-02
2229179,,,CSE-01
2229180,,,CSE-01
2229181,,,CSE-01
2229182,,,CSE-02
2229183,,,CSE-02
2229185,,,CSE-01
2229186,,,CSE-02
2229187,,,CSE-02
2229189,,,CSE-02
2229190,,,CSE-02
2229191,,,CSE-02
2229192,,,CSE-03
2229193,,,CSE-01
2229194,,,CSE-03
2229195,,,CSE-03
2229196,,,CSE-03
2229197,,,CSE-03
2229198,,,CSE-01
2229199,,,CSE-02
2229200,,,CSE-01
2229201,,,CSE-03
2229202,,,CSE-02
2229204,,,CSE-02
2229206,,,CSE-03
2229207,,,CSE-01
2229208,,,CSE-03
2229209,,,CSE-01
2229028,,,CSE-02
2229161,,,CSE-02
2229203,,,CSE-02
2229175,,,CSE-03
2229149,,,CSE-03
2228001,,,CSSE-02
2228002,,,CSSE-01
2228003,,,CSSE-02
2228004,,,CSSE-02
2228005,,,CSSE-02
2228006,,,CSSE-02
2228007,,,CSSE-02
2228008,,,CSSE-02
2228009,,,CSSE-02
2228011,,,CSSE-02
2228012,,,CSSE-02
2228013,,,CSSE-02
2228014,,,CSSE-02
2228015,,,CSSE-02
2228016,,,CSSE-02
2228017,,,CSSE-01
2228018,,,CSSE-02
2228019,,,CSSE-02
2228020,,,CSSE-02
2228021,,,CSSE-02
2228022,,,CSSE-01
2228023,,,CSSE-01
2228024,,,CSSE-02
2228025,,,CSSE-02
2228026,,,CSSE-02
2228027,,,CSSE-02
2228028,,,CSSE-01
2228029,,,CSSE-02
2228030,,,CSSE-01
2228031,,,CSSE-02
2228034,,,CSSE-02
2228035,,,CSSE-02
2228036,,,CSSE-01
2228038,,,CSSE-01
2228039,,,CSSE-01
2228040,,,CSSE-02
2228041,,,CSSE-01
2228043,,,CSSE-01
2228044,,,CSSE-01
2228045,,,CSSE-02
2228046,,,CSSE-02
2228047,,,CSSE-01
2228048,,,CSSE-01
2228049,,,CSSE-01
2228051,,,CSSE-01
2228052,,,CSSE-01
2228053,,,CSSE-02
2228054,,,CSSE-01
2228055,,,CSSE-01
2228056,,,CSSE-01
2228057,,,CSSE-01
2228058,,,CSSE-02
2228059,,,CSSE-02
2228060,,,CSSE-02
2228061,,,CSSE-01
2228062,,,CSSE-02
2228063,,,CSSE-01
2228064,,,CSSE-02
2228065,,,CSSE-01
2228066,,,CSSE-02
2228067,,,CSSE-02
2228068,,,CSSE-02
2228069,,,CSSE-02
2228070,,,CSSE-02
2228073,,,CSSE-01
2228074,,,CSSE-02
2228075,,,CSSE-02
2228076,,,CSSE-02
2228077,,,CSSE-02
2228078,,,CSSE-02
2228079,,,CSSE-02
2228080,,,CSSE-02
2228081,,,CSSE-02
2228082,,,CSSE-02
2228083,,,CSSE-02
2228084,,,CSSE-02
2228085,,,CSSE-01
2228086,,,CSSE-01
2228087,,,CSSE-02
2228089,,,CSSE-01
2228090,,,CSSE-01
2228091,,,CSSE-01
2228092,,,CSSE-01
2228094,,,CSSE-01
2228095,,,CSSE-01
2228097,,,CSSE-01
2228101,,,CSSE-01
2228102,,,CSSE-01
2228103,,,CSSE-01
2228104,,,CSSE-01
2228107,,,CSSE-01
2228109,,,CSSE-01
2228110,,,CSSE-01
2228112,,,CSSE-01
2228114,,,CSSE-02
2228115,,,CSSE-02
2228116,,,CSSE-01
2228117,,,CSSE-01
2228120,,,CSSE-02
2228122,,,CSSE-02
2228123,,,CSSE-01
2228124,,,CSSE-01
2228125,,,CSSE-01
2228126,,,CSSE-02
2228127,,,CSSE-01
2228128,,,CSSE-01
2228129,,,CSSE-01
2228130,,,CSSE-01
2228131,,,CSSE-01
2228132,,,CSSE-02
2228133,,,CSSE-01
2228134,,,CSSE-01
2228135,,,CSSE-01
2228136,,,CSSE-01
2228137,,,CSSE-01
2228138,,,CSSE-02
2228139,,,CSSE-01
2228140,,,CSSE-01
2228141,,,CSSE-01
2228142,,,CSSE-01
2228144,,,CSSE-02
2228146,,,CSSE-01
2228147,,,CSSE-02
2228148,,,CSSE-01
2228149,,,CSSE-01
2228150,,,CSSE-01
2228152,,,CSSE-01
2228154,,,CSSE-02
2228155,,,CSSE-01
2228156,,,CSSE-01
2228157,,,CSSE-01
2228158,,,CSSE-01
2228159,,,CSSE-01
2228160,,,CSSE-01
2228161,,,CSSE-01
2228162,,,CSSE-01
2228163,,,CSSE-01
2228165,,,CSSE-02
2228166,,,CSSE-02
2228167,,,CSSE-01
2228168,,,CSSE-02
2228169,,,CSSE-02
2228170,,,CSSE-02
2228171,,,CSSE-01
2228172,,,CSSE-02
2228173,,,CSSE-01
2228175,,,CSSE-01
2228176,,,CSSE-01
2228178,,,CSSE-02
2228180,,,CSSE-02
2228033,,,CSSE-02
2228050,,,CSSE-02
2228143,,,CSSE-01
2228181,,,CSSE-02
2105103,,,CSE-28
2205001,,,CSE-10
2205002,,,CSE-25
2205003,,,CSE-52
2205004,,,CSE-31
2205005,,,CSE-30
2205006,,,CSE-48
2205007,,,CSE-29
2205009,,,CSE-31
2205010,,,CSE-48
2205011,,,CSE-25
2205012,,,CSE-21
2205013,,,CSE-22
2205014,,,CSE-31
2205015,,,CSE-54
2205016,,,CSE-18
2205017,,,CSE-20
2205018,,,CSE-11
2205019,,,CSE-48
2205020,,,CSE-19
2205021,,,CSE-31
2205023,,,CSE-54
2205024,,,CSE-06
2205025,,,CSE-25
2205026,,,CSE-31
2205027,,,CSE-31
2205028,,,CSE-34
2205029,,,CSE-10
2205030,,,CSE-37
2205031,,,CSE-13
2205032,,,CSE-12
2205033,,,CSE-37
2205034,,,CSE-34
2205035,,,CSE-29
2205036,,,CSE-19
2205037,,,CSE-42
2205038,,,CSE-50
2205039,,,CSE-35
2205040,,,CSE-46
2205041,,,CSE-23
2205042,,,CSE-37
2205043,,,CSE-52
2205044,,,CSE-05
2205046,,,CSE-20
2205047,,,CSE-35
2205048,,,CSE-15
2205050,,,CSE-49
2205051,,,CSE-05
2205052,,,CSE-46
2205053,,,CSE-50
2205054,,,CSE-24
2205055,,,CSE-48
2205057,,,CSE-35
2205059,,,CSE-06
2205060,,,CSE-16
2205061,,,CSE-43
2205062,,,CSE-16
2205063,,,CSE-10
2205064,,,CSE-20
2205065,,,CSE-46
2205066,,,CSE-53
2205067,,,CSE-18
2205068,,,CSE-08
2205069,,,CSE-26
2205070,,,CSE-10
2205071,,,CSE-12
2205072,,,CSE-12
2205073,,,CSE-22
2205074,,,CSE-33
2205075,,,CSE-10
2205076,,,CSE-03
2205077,,,CSE-11
2205078,,,CSE-35
2205079,,,CSE-15
2205080,,,CSE-13
2205081,,,CSE-13
2205082,,,CSE-13
2205083,,,CSE-12
2205084,,,CSE-22
2205085,,,CSE-34
2205086,,,CSE-17
2205087,,,CSE-31
2205088,,,CSE-15
2205089,,,CSE-35
2205091,,,CSE-40
2205092,,,CSE-32
2205093,,,CSE-07
2205094,,,CSE-46
2205095,,,CSE-03
2205096,,,CSE-32
2205097,,,CSE-53
2205098,,,CSE-48
2205099,,,CSE-43
2205100,,,CSE-32
2205101,,,CSE-44
2205102,,,CSE-46
2205103,,,CSE-55
2205104,,,CSE-39
2205106,,,CSE-17
2205107,,,CSE-38
2205108,,,CSE-44
2205109,,,CSE-07
2205110,,,CSE-44
2205111,,,CSE-24
2205112,,,CSE-14
2205113,,,CSE-40
2205114,,,CSE-27
2205115,,,CSE-14
2205116,,,CSE-53
2205117,,,CSE-46
2205118,,,CSE-42
2205119,,,CSE-15
2205120,,,CSE-31
2205121,,,CSE-18
2205122,,,CSE-54
2205124,,,CSE-55
2205125,,,CSE-14
2205126,,,CSE-14
2205127,,,CSE-18
2205128,,,CSE-06
2205129,,,CSE-29
2205130,,,CSE-51
2205131,,,CSE-10
2205132,,,CSE-31
2205133,,,CSE-49
2205134,,,CSE-29
2205135,,,CSE-29
2205137,,,CSE-46
2205138,,,CSE-51
2205139,,,CSE-46
2205140,,,CSE-17
2205142,,,CSE-26
2205143,,,CSE-39
2205144,,,CSE-15
2205145,,,CSE-17
2205149,,,CSE-41
2205151,,,CSE-50
2205152,,,CSE-08
2205153,,,CSE-10
2205154,,,CSE-23
2205155,,,CSE-46
2205156,,,CSE-19
2205157,,,CSE-18
2205158,,,CSE-50
2205159,,,CSE-38
2205160,,,CSE-22
2205161,,,CSE-06
2205162,,,CSE-40
2205163,,,CSE-35
2205164,,,CSE-29
2205165,,,CSE-25
2205166,,,CSE-53
2205167,,,CSE-24
2205168,,,CSE-26
2205169,,,CSE-53
2205170,,,CSE-53
2205171,,,CSE-35
2205172,,,CSE-43
2205173,,,CSE-46
2205174,,,CSE-17
2205175,,,CSE-09
2205176,,,CSE-45
2205177,,,CSE-53
2205179,,,CSE-01
2205180,,,CSE-06
2205183,,,CSE-09
2205184,,,CSE-29
2205185,,,CSE-08
2205186,,,CSE-43
2205188,,,CSE-55
2205189,,,CSE-48
2205190,,,CSE-43
2205191,,,CSE-13
2205192,,,CSE-14
2205193,,,CSE-09
2205194,,,CSE-51
2205195,,,CSE-12
2205196,,,CSE-54
2205197,,,CSE-11
2205198,,,CSE-44
2205199,,,CSE-32
2205200,,,CSE-42
2205201,,,CSE-04
2205202,,,CSE-19
2205203,,,CSE-54
2205204,,,CSE-43
2205205,,,CSE-50
2205206,,,CSE-08
2205207,,,CSE-32
2205208,,,CSE-08
2205209,,,CSE-36
2205210,,,CSE-03
2205211,,,CSE-18
2205212,,,CSE-11
2205213,,,CSE-07
2205214,,,CSE-13
2205215,,,CSE-34
2205216,,,CSE-24
2205217,,,CSE-31
2205219,,,CSE-08
2205220,,,CSE-17
2205222,,,CSE-49
2205223,,,CSE-53
2205224,,,CSE-26
2205225,,,CSE-32
2205226,,,CSE-17
2205227,,,CSE-25
2205228,,,CSE-54
2205229,,,CSE-13
2205230,,,CSE-11
2205231,,,CSE-06
2205232,,,CSE-03
2205233,,,CSE-04
2205234,,,CSE-18
2205235,,,CSE-53
2205236,,,CSE-48
2205238,,,CSE-23
2205239,,,CSE-17
2205240,,,CSE-42
2205241,,,CSE-34
2205242,,,CSE-12
2205243,,,CSE-22
2205244,,,CSE-23
2205246,,,CSE-47
2205247,,,CSE-11
2205248,,,CSE-04
2205249,,,CSE-29
2205251,,,CSE-29
2205252,,,CSE-48
2205253,,,CSE-45
2205254,,,CSE-25
2205255,,,CSE-48
2205256,,,CSE-27
2205257,,,CSE-03
2205258,,,CSE-08
2205260,,,CSE-53
2205261,,,CSE-47
2205262,,,CSE-46
2205263,,,CSE-24
2205264,,,CSE-51
2205266,,,CSE-43
2205267,,,CSE-40
2205269,,,CSE-27
2205270,,,CSE-11
2205271,,,CSE-27
2205273,,,CSE-54
2205274,,,CSE-50
2205275,,,CSE-43
2205276,,,CSE-25
2205277,,,CSE-11
2205278,,,CSE-46
2205279,,,CSE-04
2205280,,,CSE-35
2205281,,,CSE-51
2205282,,,CSE-45
2205283,,,CSE-47
2205284,,,CSE-26
2205286,,,CSE-35
2205288,,,CSE-04
2205289,,,CSE-52
2205290,,,CSE-14
2205291,,,CSE-47
2205292,,,CSE-27
2205293,,,CSE-35
2205294,,,CSE-13
2205295,,,CSE-54
2205296,,,CSE-41
2205297,,,CSE-48
2205298,,,CSE-35
2205299,,,CSE-06
2205300,,,CSE-13
2205301,,,CSE-13
2205302,,,CSE-05
2205303,,,CSE-04
2205304,,,CSE-47
2205305,,,CSE-04
2205306,,,CSE-35
2205307,,,CSE-04
2205308,,,CSE-13
2205309,,,CSE-06
2205310,,,CSE-12
2205312,,,CSE-43
2205313,,,CSE-50
2205314,,,CSE-12
2205315,,,CSE-04
2205316,,,CSE-29
2205317,,,CSE-42
2205318,,,CSE-54
2205319,,,CSE-50
2205320,,,CSE-11
2205321,,,CSE-47
2205322,,,CSE-50
2205323,,,CSE-04
2205324,,,CSE-04
2205325,,,CSE-23
2205326,,,CSE-08
2205327,,,CSE-13
2205328,,,CSE-12
2205330,,,CSE-37
2205331,,,CSE-51
2205332,,,CSE-53
2205333,,,CSE-49
2205334,,,CSE-37
2205335,,,CSE-04
2205336,,,CSE-22
2205337,,,CSE-23
2205338,,,CSE-40
2205339,,,CSE-30
2205340,,,CSE-41
2205341,,,CSE-50
2205342,,,CSE-18
2205343,,,CSE-17
2205344,,,CSE-50
2205345,,,CSE-23
2205347,,,CSE-07
2205348,,,CSE-11
2205349,,,CSE-09
2205350,,,CSE-18
2205352,,,CSE-20
2205353,,,CSE-54
2205354,,,CSE-53
2205355,,,CSE-41
2205356,,,CSE-01
2205357,,,CSE-38
2205358,,,CSE-16
2205360,,,CSE-19
2205361,,,CSE-42
2205362,,,CSE-02
2205363,,,CSE-50
2205364,,,CSE-12
2205365,,,CSE-25
2205366,,,CSE-12
2205367,,,CSE-01
2205368,,,CSE-10
2205370,,,CSE-41
2205371,,,CSE-10
2205372,,,CSE-50
2205373,,,CSE-31
2205374,,,CSE-41
2205375,,,CSE-54
2205376,,,CSE-38
2205378,,,CSE-38
2205379,,,CSE-22
2205381,,,CSE-41
2205382,,,CSE-55
2205383,,,CSE-26
2205384,,,CSE-19
2205386,,,CSE-19
2205387,,,CSE-18
2205388,,,CSE-54
2205389,,,CSE-07
2205390,,,CSE-12
2205391,,,CSE-41
2205392,,,CSE-31
2205393,,,CSE-36
2205394,,,CSE-27
2205395,,,CSE-12
2205397,,,CSE-37
2205398,,,CSE-12
2205399,,,CSE-12
2205401,,,CSE-03
2205402,,,CSE-48
2205403,,,CSE-54
2205405,,,CSE-12
2205406,,,CSE-14
2205407,,,CSE-27
2205408,,,CSE-53
2205409,,,CSE-35
2205410,,,CSE-53
2205411,,,CSE-42
2205412,,,CSE-02
2205413,,,CSE-08
2205414,,,CSE-50
2205415,,,CSE-12
2205416,,,CSE-08
2205417,,,CSE-54
2205418,,,CSE-54
2205419,,,CSE-42
2205420,,,CSE-48
2205421,,,CSE-37
2205422,,,CSE-48
2205423,,,CSE-37
2205424,,,CSE-20
2205425,,,CSE-37
2205426,,,CSE-41
2205428,,,CSE-15
2205429,,,CSE-37
2205430,,,CSE-32
2205431,,,CSE-09
2205432,,,CSE-20
2205433,,,CSE-11
2205434,,,CSE-37
2205436,,,CSE-19
2205437,,,CSE-19
2205438,,,CSE-04
2205439,,,CSE-48
2205440,,,CSE-35
2205441,,,CSE-45
2205442,,,CSE-53
2205443,,,CSE-24
2205444,,,CSE-46
2205445,,,CSE-38
2205446,,,CSE-42
2205447,,,CSE-32
2205448,,,CSE-46
2205449,,,CSE-50
2205450,,,CSE-31
2205451,,,CSE-04
2205452,,,CSE-05
2205453,,,CSE-10
2205454,,,CSE-46
2205455,,,CSE-10
2205456,,,CSE-36
2205458,,,CSE-18
2205459,,,CSE-04
2205460,,,CSE-16
2205462,,,CSE-18
2205463,,,CSE-50
2205464,,,CSE-48
2205465,,,CSE-19
2205466,,,CSE-42
2205467,,,CSE-46
2205468,,,CSE-31
2205469,,,CSE-04
2205470,,,CSE-03
2205471,,,CSE-47
2205472,,,CSE-19
2205473,,,CSE-46
2205474,,,CSE-27
2205476,,,CSE-06
2205478,,,CSE-12
2205480,,,CSE-47
2205481,,,CSE-19
2205483,,,CSE-51
2205484,,,CSE-12
2205485,,,CSE-13
2205486,,,CSE-50
2205487,,,CSE-12
2205488,,,CSE-43
2205489,,,CSE-13
2205490,,,CSE-48
2205491,,,CSE-36
2205492,,,CSE-50
2205493,,,CSE-27
2205494,,,CSE-31
2205495,,,CSE-13
2205496,,,CSE-31
2205497,,,CSE-17
2205498,,,CSE-03
2205499,,,CSE-12
2205500,,,CSE-48
2205501,,,CSE-02
2205502,,,CSE-03
2205503,,,CSE-03
2205504,,,CSE-27
2205505,,,CSE-50
2205506,,,CSE-43
2205508,,,CSE-05
2205509,,,CSE-47
2205510,,,CSE-46
2205511,,,CSE-50
2205512,,,CSE-03
2205513,,,CSE-16
2205514,,,CSE-38
2205515,,,CSE-06
2205516,,,CSE-05
2205517,,,CSE-06
2205518,,,CSE-20
2205519,,,CSE-54
2205520,,,CSE-20
2205521,,,CSE-03
2205522,,,CSE-02
2205523,,,CSE-53
2205524,,,CSE-49
2205525,,,CSE-50
2205526,,,CSE-05
2205527,,,CSE-54
2205528,,,CSE-47
2205529,,,CSE-47
2205531,,,CSE-25
2205532,,,CSE-36
2205533,,,CSE-16
2205534,,,CSE-49
2205535,,,CSE-35
2205536,,,CSE-05
2205537,,,CSE-20
2205538,,,CSE-34
2205539,,,CSE-13
2205540,,,CSE-01
2205541,,,CSE-53
2205542,,,CSE-33
2205543,,,CSE-19
2205544,,,CSE-04
2205545,,,CSE-08
2205546,,,CSE-37
2205548,,,CSE-53
2205549,,,CSE-03
2205550,,,CSE-43
2205551,,,CSE-48
2205552,,,CSE-53
2205553,,,CSE-50
2205554,,,CSE-11
2205555,,,CSE-06
2205556,,,CSE-46
2205557,,,CSE-16
2205558,,,CSE-46
2205560,,,CSE-14
2205561,,,CSE-12
2205562,,,CSE-07
2205563,,,CSE-43
2205564,,,CSE-39
2205565,,,CSE-55
2205566,,,CSE-35
2205567,,,CSE-06
2205568,,,CSE-16
2205569,,,CSE-16
2205570,,,CSE-29
2205571,,,CSE-07
2205572,,,CSE-05
2205573,,,CSE-04
2205574,,,CSE-40
2205575,,,CSE-31
2205576,,,CSE-04
2205577,,,CSE-11
2205578,,,CSE-55
2205579,,,CSE-20
2205580,,,CSE-04
2205581,,,CSE-35
2205582,,,CSE-02
2205584,,,CSE-02
2205585,,,CSE-27
2205586,,,CSE-07
2205587,,,CSE-38
2205588,,,CSE-23
2205589,,,CSE-07
2205590,,,CSE-47
2205591,,,CSE-05
2205592,,,CSE-34
2205593,,,CSE-41
2205594,,,CSE-49
2205595,,,CSE-47
2205596,,,CSE-12
2205597,,,CSE-48
2205598,,,CSE-46
2205599,,,CSE-40
2205600,,,CSE-17
2205601,,,CSE-06
2205602,,,CSE-04
2205603,,,CSE-51
2205604,,,CSE-17
2205605,,,CSE-04
2205606,,,CSE-45
2205607,,,CSE-35
2205609,,,CSE-24
2205610,,,CSE-25
2205611,,,CSE-26
2205612,,,CSE-21
2205614,,,CSE-32
2205615,,,CSE-28
2205616,,,CSE-03
2205617,,,CSE-21
2205618,,,CSE-16
2205619,,,CSE-29
2205620,,,CSE-20
2205621,,,CSE-50
2205622,,,CSE-06
2205623,,,CSE-20
2205624,,,CSE-48
2205625,,,CSE-53
2205626,,,CSE-28
2205627,,,CSE-50
2205628,,,CSE-44
2205629,,,CSE-04
2205630,,,CSE-03
2205631,,,CSE-28
2205632,,,CSE-25
2205634,,,CSE-06
2205635,,,CSE-53
2205636,,,CSE-44
2205637,,,CSE-44
2205638,,,CSE-03
2205639,,,CSE-53
2205640,,,CSE-48
2205641,,,CSE-20
2205642,,,CSE-35
2205643,,,CSE-48
2205645,,,CSE-06
2205646,,,CSE-53
2205647,,,CSE-52
2205648,,,CSE-35
2205649,,,CSE-34
2205651,,,CSE-46
2205652,,,CSE-46
2205653,,,CSE-44
2205655,,,CSE-50
2205658,,,CSE-06
2205659,,,CSE-38
2205660,,,CSE-47
2205661,,,CSE-44
2205662,,,CSE-55
2205663,,,CSE-50
2205664,,,CSE-44
2205665,,,CSE-55
2205666,,,CSE-33
2205667,,,CSE-13
2205668,,,CSE-46
2205669,,,CSE-53
2205670,,,CSE-13
2205671,,,CSE-23
2205672,,,CSE-19
2205673,,,CSE-03
2205674,,,CSE-53
2205675,,,CSE-53
2205676,,,CSE-50
2205678,,,CSE-33
2205679,,,CSE-03
2205680,,,CSE-31
2205681,,,CSE-34
2205682,,,CSE-03
2205683,,,CSE-53
2205684,,,CSE-03
2205685,,,CSE-50
2205686,,,CSE-52
2205687,,,CSE-34
2205688,,,CSE-27
2205689,,,CSE-45
2205690,,,CSE-27
2205691,,,CSE-03
2205693,,,CSE-23
2205694,,,CSE-20
2205695,,,CSE-36
2205696,,,CSE-49
2205697,,,CSE-51
2205698,,,CSE-25
2205699,,,CSE-05
2205700,,,CSE-06
2205701,,,CSE-05
2205702,,,CSE-05
2205703,,,CSE-24
2205704,,,CSE-24
2205705,,,CSE-01
2205706,,,CSE-36
2205707,,,CSE-10
2205708,,,CSE-34
2205709,,,CSE-30
2205710,,,CSE-29
2205711,,,CSE-44
2205712,,,CSE-36
2205714,,,CSE-34
2205715,,,CSE-51
2205716,,,CSE-04
2205717,,,CSE-05
2205719,,,CSE-32
2205720,,,CSE-50
2205721,,,CSE-45
2205722,,,CSE-28
2205723,,,CSE-12
2205724,,,CSE-55
2205725,,,CSE-10
2205726,,,CSE-49
2205727,,,CSE-24
2205728,,,CSE-06
2205729,,,CSE-31
2205730,,,CSE-15
2205731,,,CSE-23
2205732,,,CSE-34
2205733,,,CSE-33
2205734,,,CSE-33
2205735,,,CSE-54
2205736,,,CSE-35
2205737,,,CSE-06
2205738,,,CSE-05
2205739,,,CSE-33
2205740,,,CSE-11
2205741,,,CSE-42
2205742,,,CSE-44
2205743,,,CSE-34
2205745,,,CSE-35
2205746,,,CSE-22
2205747,,,CSE-26
2205748,,,CSE-21
2205749,,,CSE-33
2205750,,,CSE-49
2205751,,,CSE-25
2205753,,,CSE-24
2205754,,,CSE-12
2205755,,,CSE-40
2205756,,,CSE-07
2205757,,,CSE-13
2205758,,,CSE-19
2205759,,,CSE-05
2205760,,,CSE-32
2205762,,,CSE-38
2205763,,,CSE-54
2205764,,,CSE-50
2205765,,,CSE-01
2205766,,,CSE-34
2205767,,,CSE-47
2205769,,,CSE-04
2205770,,,CSE-50
2205772,,,CSE-01
2205773,,,CSE-54
2205774,,,CSE-18
2205775,,,CSE-46
2205776,,,CSE-37
2205777,,,CSE-35
2205778,,,CSE-38
2205779,,,CSE-35
2205781,,,CSE-43
2205782,,,CSE-52
2205784,,,CSE-24
2205785,,,CSE-35
2205786,,,CSE-03
2205787,,,CSE-03
2205789,,,CSE-47
2205790,,,CSE-35
2205791,,,CSE-19
2205792,,,CSE-40
2205793,,,CSE-53
2205795,,,CSE-33
2205796,,,CSE-19
2205797,,,CSE-47
2205798,,,CSE-20
2205799,,,CSE-26
2205800,,,CSE-04
2205801,,,CSE-48
2205802,,,CSE-31
2205803,,,CSE-19
2205804,,,CSE-02
2205805,,,CSE-03
2205806,,,CSE-50
2205807,,,CSE-04
2205808,,,CSE-50
2205809,,,CSE-19
2205810,,,CSE-07
2205811,,,CSE-53
2205812,,,CSE-49
2205813,,,CSE-50
2205815,,,CSE-52
2205816,,,CSE-02
2205818,,,CSE-48
2205819,,,CSE-43
2205820,,,CSE-48
2205821,,,CSE-17
2205822,,,CSE-02
2205823,,,CSE-15
2205824,,,CSE-15
2205825,,,CSE-28
2205826,,,CSE-48
2205827,,,CSE-51
2205828,,,CSE-51
2205829,,,CSE-12
2205831,,,CSE-21
2205832,,,CSE-03
2205833,,,CSE-48
2205834,,,CSE-13
2205835,,,CSE-01
2205836,,,CSE-42
2205837,,,CSE-55
2205838,,,CSE-48
2205839,,,CSE-28
2205840,,,CSE-17
2205841,,,CSE-41
2205842,,,CSE-15
2205843,,,CSE-13
2205845,,,CSE-51
2205846,,,CSE-53
2205847,,,CSE-53
2205848,,,CSE-52
2205849,,,CSE-39
2205850,,,CSE-42
2205851,,,CSE-52
2205853,,,CSE-18
2205854,,,CSE-40
2205855,,,CSE-08
2205856,,,CSE-08
2205857,,,CSE-18
2205858,,,CSE-45
2205859,,,CSE-18
2205860,,,CSE-51
2205861,,,CSE-51
2205862,,,CSE-20
2205863,,,CSE-25
2205864,,,CSE-52
2205865,,,CSE-52
2205866,,,CSE-05
2205868,,,CSE-13
2205869,,,CSE-24
2205870,,,CSE-13
2205871,,,CSE-04
2205872,,,CSE-37
2205873,,,CSE-23
2205874,,,CSE-24
2205875,,,CSE-15
2205876,,,CSE-54
2205877,,,CSE-22
2205878,,,CSE-49
2205879,,,CSE-46
2205880,,,CSE-38
2205881,,,CSE-17
2205882,,,CSE-41
2205883,,,CSE-40
2205884,,,CSE-02
2205885,,,CSE-10
2205887,,,CSE-49
2205888,,,CSE-23
2205889,,,CSE-23
2205890,,,CSE-27
2205891,,,CSE-42
2205892,,,CSE-46
2205893,,,CSE-35
2205894,,,CSE-32
2205895,,,CSE-41
2205896,,,CSE-35
2205897,,,CSE-34
2205898,,,CSE-01
2205899,,,CSE-04
2205900,,,CSE-03
2205902,,,CSE-24
2205903,,,CSE-54
2205904,,,CSE-24
2205905,,,CSE-23
2205906,,,CSE-22
2205907,,,CSE-36
2205908,,,CSE-21
2205909,,,CSE-21
2205910,,,CSE-02
2205911,,,CSE-01
2205912,,,CSE-51
2205913,,,CSE-10
2205914,,,CSE-01
2205915,,,CSE-35
2205916,,,CSE-42
2205917,,,CSE-46
2205918,,,CSE-19
2205919,,,CSE-41
2205920,,,CSE-28
2205921,,,CSE-41
2205923,,,CSE-01
2205924,,,CSE-39
2205925,,,CSE-16
2205926,,,CSE-49
2205930,,,CSE-37
2205931,,,CSE-01
2205932,,,CSE-50
2205933,,,CSE-38
2205934,,,CSE-07
2205935,,,CSE-16
2205936,,,CSE-32
2205937,,,CSE-29
2205938,,,CSE-53
2205939,,,CSE-22
2205940,,,CSE-32
2205941,,,CSE-04
2205942,,,CSE-35
2205945,,,CSE-26
2205947,,,CSE-50
2205948,,,CSE-23
2205949,,,CSE-51
2205950,,,CSE-49
2205951,,,CSE-06
2205952,,,CSE-15
2205953,,,CSE-55
2205954,,,CSE-23
2205955,,,CSE-21
2205956,,,CSE-30
2205957,,,CSE-38
2205958,,,CSE-22
2205959,,,CSE-31
2205960,,,CSE-20
2205961,,,CSE-30
2205962,,,CSE-09
2205963,,,CSE-05
2205964,,,CSE-08
2205965,,,CSE-23
2205966,,,CSE-22
2205967,,,CSE-16
2205968,,,CSE-31
2205969,,,CSE-22
2205970,,,CSE-12
2205971,,,CSE-03
2205972,,,CSE-46
2205973,,,CSE-05
2205974,,,CSE-31
2205975,,,CSE-54
2205976,,,CSE-55
2205977,,,CSE-04
2205978,,,CSE-38
2205979,,,CSE-44
2205980,,,CSE-05
2205981,,,CSE-09
2205982,,,CSE-12
2205983,,,CSE-02
2205984,,,CSE-46
2205985,,,CSE-46
2205986,,,CSE-34
2205988,,,CSE-21
2205989,,,CSE-55
2205990,,,CSE-54
2205991,,,CSE-33
2205992,,,CSE-52
2205993,,,CSE-52
2205995,,,CSE-01
2205996,,,CSE-21
2205997,,,CSE-26
2205998,,,CSE-37
2205999,,,CSE-38
21051241,,,CSE-08
21052348,,,CSE-40
22051000,,,CSE-52
22051001,,,CSE-42
22051002,,,CSE-12
22051003,,,CSE-09
22051004,,,CSE-34
22051005,,,CSE-52
22051006,,,CSE-25
22051007,,,CSE-05
22051008,,,CSE-36
22051009,,,CSE-06
22051010,,,CSE-31
22051011,,,CSE-27
22051012,,,CSE-41
22051013,,,CSE-54
22051014,,,CSE-47
22051015,,,CSE-20
22051016,,,CSE-21
22051017,,,CSE-05
22051018,,,CSE-31
22051019,,,CSE-22
22051020,,,CSE-27
22051021,,,CSE-27
22051022,,,CSE-27
22051023,,,CSE-14
22051024,,,CSE-52
22051026,,,CSE-37
22051027,,,CSE-27
22051028,,,CSE-04
22051029,,,CSE-39
22051030,,,CSE-22
22051031,,,CSE-43
22051032,,,CSE-40
22051033,,,CSE-42
22051034,,,CSE-26
22051035,,,CSE-11
22051036,,,CSE-05
22051037,,,CSE-07
22051038,,,CSE-15
22051039,,,CSE-26
22051040,,,CSE-34
22051041,,,CSE-17
22051042,,,CSE-47
22051043,,,CSE-52
22051044,,,CSE-10
22051045,,,CSE-02
22051046,,,CSE-17
22051047,,,CSE-23
22051048,,,CSE-23
22051049,,,CSE-04
22051050,,,CSE-46
22051051,,,CSE-36
22051052,,,CSE-51
22051053,,,CSE-23
22051054,,,CSE-10
22051055,,,CSE-17
22051056,,,CSE-03
22051057,,,CSE-17
22051058,,,CSE-08
22051059,,,CSE-03
22051060,,,CSE-32
22051061,,,CSE-17
22051062,,,CSE-51
22051063,,,CSE-51
22051064,,,CSE-08
22051065,,,CSE-03
22051066,,,CSE-23
22051067,,,CSE-52
22051069,,,CSE-32
22051070,,,CSE-51
22051071,,,CSE-31
22051072,,,CSE-03
22051073,,,CSE-48
22051074,,,CSE-24
22051075,,,CSE-18
22051076,,,CSE-40
22051077,,,CSE-24
22051078,,,CSE-54
22051079,,,CSE-24
22051080,,,CSE-49
22051081,,,CSE-36
22051082,,,CSE-38
22051083,,,CSE-23
22051084,,,CSE-28
22051085,,,CSE-32
22051086,,,CSE-16
22051087,,,CSE-19
22051088,,,CSE-52
22051089,,,CSE-17
22051090,,,CSE-17
22051091,,,CSE-39
22051092,,,CSE-25
22051093,,,CSE-48
22051094,,,CSE-51
22051095,,,CSE-55
22051097,,,CSE-16
22051098,,,CSE-21
22051099,,,CSE-03
22051100,,,CSE-01
22051101,,,CSE-24
22051102,,,CSE-19
22051103,,,CSE-21
22051104,,,CSE-42
22051105,,,CSE-32
22051106,,,CSE-44
22051107,,,CSE-32
22051109,,,CSE-28
22051110,,,CSE-55
22051111,,,CSE-25
22051112,,,CSE-32
22051113,,,CSE-43
22051114,,,CSE-01
22051115,,,CSE-02
22051116,,,CSE-37
22051117,,,CSE-32
22051118,,,CSE-17
22051120,,,CSE-30
22051121,,,CSE-08
22051122,,,CSE-01
22051123,,,CSE-20
22051124,,,CSE-15
22051125,,,CSE-20
22051126,,,CSE-22
22051127,,,CSE-27
22051128,,,CSE-11
22051129,,,CSE-16
22051130,,,CSE-43
22051131,,,CSE-19
22051132,,,CSE-23
22051133,,,CSE-23
22051134,,,CSE-44
22051135,,,CSE-18
22051136,,,CSE-01
22051137,,,CSE-21
22051138,,,CSE-12
22051139,,,CSE-52
22051140,,,CSE-42
22051141,,,CSE-07
22051142,,,CSE-23
22051143,,,CSE-12
22051145,,,CSE-17
22051146,,,CSE-50
22051147,,,CSE-18
22051148,,,CSE-36
22051149,,,CSE-40
22051150,,,CSE-22
22051152,,,CSE-50
22051153,,,CSE-05
22051154,,,CSE-22
22051155,,,CSE-35
22051156,,,CSE-05
22051157,,,CSE-50
22051158,,,CSE-30
22051159,,,CSE-24
22051160,,,CSE-54
22051161,,,CSE-02
22051162,,,CSE-02
22051163,,,CSE-07
22051164,,,CSE-19
22051165,,,CSE-51
22051167,,,CSE-49
22051168,,,CSE-25
22051169,,,CSE-49
22051170,,,CSE-35
22051171,,,CSE-10
22051172,,,CSE-18
22051173,,,CSE-12
22051175,,,CSE-32
22051176,,,CSE-43
22051177,,,CSE-21
22051178,,,CSE-03
22051179,,,CSE-42
22051181,,,CSE-55
22051182,,,CSE-55
22051184,,,CSE-21
22051186,,,CSE-19
22051187,,,CSE-21
22051188,,,CSE-21
22051189,,,CSE-55
22051190,,,CSE-21
22051191,,,CSE-08
22051192,,,CSE-53
22051193,,,CSE-02
22051194,,,CSE-19
22051195,,,CSE-28
22051196,,,CSE-21
22051197,,,CSE-16
22051198,,,CSE-17
22051199,,,CSE-35
22051200,,,CSE-09
22051201,,,CSE-39
22051202,,,CSE-04
22051203,,,CSE-23
22051204,,,CSE-46
22051205,,,CSE-44
22051206,,,CSE-23
22051208,,,CSE-52
22051209,,,CSE-52
22051210,,,CSE-34
22051211,,,CSE-32
22051212,,,CSE-19
22051213,,,CSE-39
22051214,,,CSE-19
22051215,,,CSE-15
22051216,,,CSE-13
22051217,,,CSE-53
22051218,,,CSE-53
22051219,,,CSE-18
22051220,,,CSE-11
22051221,,,CSE-53
22051222,,,CSE-16
22051223,,,CSE-24
22051225,,,CSE-35
22051226,,,CSE-04
22051227,,,CSE-47
22051228,,,CSE-22
22051229,,,CSE-44
22051230,,,CSE-52
22051231,,,CSE-22
22051232,,,CSE-40
22051233,,,CSE-27
22051234,,,CSE-18
22051235,,,CSE-35
22051236,,,CSE-05
22051237,,,CSE-53
22051238,,,CSE-07
22051239,,,CSE-41
22051240,,,CSE-44
22051241,,,CSE-37
22051243,,,CSE-23
22051245,,,CSE-31
22051246,,,CSE-31
22051247,,,CSE-27
22051248,,,CSE-16
22051249,,,CSE-20
22051250,,,CSE-22
22051251,,,CSE-26
22051252,,,CSE-21
22051253,,,CSE-19
22051254,,,CSE-17
22051255,,,CSE-22
22051256,,,CSE-04
22051257,,,CSE-19
22051258,,,CSE-35
22051259,,,CSE-17
22051260,,,CSE-54
22051261,,,CSE-08
22051262,,,CSE-42
22051263,,,CSE-55
22051265,,,CSE-01
22051266,,,CSE-52
22051267,,,CSE-16
22051269,,,CSE-21
22051270,,,CSE-17
22051271,,,CSE-52
22051272,,,CSE-02
22051273,,,CSE-36
22051274,,,CSE-28
22051276,,,CSE-21
22051279,,,CSE-30
22051280,,,CSE-06
22051281,,,CSE-35
22051282,,,CSE-03
22051283,,,CSE-37
22051284,,,CSE-40
22051285,,,CSE-22
22051286,,,CSE-40
22051287,,,CSE-30
22051288,,,CSE-35
22051289,,,CSE-30
22051290,,,CSE-28
22051291,,,CSE-08
22051292,,,CSE-22
22051293,,,CSE-22
22051294,,,CSE-40
22051295,,,CSE-47
22051296,,,CSE-04
22051298,,,CSE-06
22051299,,,CSE-10
22051300,,,CSE-21
22051301,,,CSE-27
22051302,,,CSE-48
22051303,,,CSE-37
22051304,,,CSE-25
22051305,,,CSE-37
22051306,,,CSE-55
22051307,,,CSE-11
22051308,,,CSE-18
22051309,,,CSE-23
22051310,,,CSE-22
22051311,,,CSE-09
22051312,,,CSE-11
22051313,,,CSE-09
22051314,,,CSE-38
22051315,,,CSE-38
22051316,,,CSE-38
22051317,,,CSE-12
22051318,,,CSE-28
22051319,,,CSE-55
22051320,,,CSE-42
22051321,,,CSE-26
22051322,,,CSE-07
22051323,,,CSE-03
22051325,,,CSE-29
22051326,,,CSE-05
22051327,,,CSE-32
22051328,,,CSE-41
22051329,,,CSE-06
22051331,,,CSE-05
22051333,,,CSE-17
22051334,,,CSE-18
22051335,,,CSE-55
22051336,,,CSE-28
22051337,,,CSE-55
22051339,,,CSE-24
22051340,,,CSE-52
22051341,,,CSE-35
22051342,,,CSE-16
22051343,,,CSE-51
22051344,,,CSE-26
22051345,,,CSE-35
22051346,,,CSE-02
22051347,,,CSE-39
22051348,,,CSE-14
22051350,,,CSE-26
22051351,,,CSE-49
22051352,,,CSE-03
22051354,,,CSE-18
22051355,,,CSE-54
22051356,,,CSE-36
22051357,,,CSE-02
22051358,,,CSE-24
22051359,,,CSE-35
22051360,,,CSE-26
22051361,,,CSE-03
22051362,,,CSE-30
22051363,,,CSE-32
22051364,,,CSE-28
22051365,,,CSE-22
22051366,,,CSE-26
22051367,,,CSE-30
22051368,,,CSE-14
22051369,,,CSE-25
22051370,,,CSE-32
22051371,,,CSE-36
22051372,,,CSE-17
22051373,,,CSE-36
22051374,,,CSE-15
22051375,,,CSE-16
22051376,,,CSE-25
22051378,,,CSE-09
22051379,,,CSE-15
22051380,,,CSE-32
22051381,,,CSE-02
22051382,,,CSE-22
22051383,,,CSE-06
22051384,,,CSE-35
22051385,,,CSE-30
22051386,,,CSE-28
22051387,,,CSE-35
22051388,,,CSE-32
22051389,,,CSE-02
22051390,,,CSE-18
22051391,,,CSE-09
22051392,,,CSE-13
22051393,,,CSE-48
22051394,,,CSE-17
22051395,,,CSE-51
22051396,,,CSE-13
22051397,,,CSE-23
22051398,,,CSE-06
22051399,,,CSE-50
22051400,,,CSE-50
22051401,,,CSE-25
22051402,,,CSE-55
22051403,,,CSE-49
22051404,,,CSE-42
22051405,,,CSE-31
22051406,,,CSE-22
22051407,,,CSE-03
22051408,,,CSE-18
22051409,,,CSE-07
22051410,,,CSE-31
22051411,,,CSE-29
22051412,,,CSE-23
22051414,,,CSE-52
22051416,,,CSE-23
22051417,,,CSE-27
22051418,,,CSE-27
22051419,,,CSE-23
22051420,,,CSE-44
22051422,,,CSE-34
22051423,,,CSE-29
22051424,,,CSE-50
22051425,,,CSE-07
22051427,,,CSE-27
22051428,,,CSE-49
22051429,,,CSE-07
22051430,,,CSE-32
22051431,,,CSE-36
22051432,,,CSE-23
22051433,,,CSE-52
22051434,,,CSE-22
22051435,,,CSE-10
22051436,,,CSE-01
22051437,,,CSE-52
22051439,,,CSE-52
22051440,,,CSE-48
22051441,,,CSE-52
22051442,,,CSE-19
22051443,,,CSE-28
22051444,,,CSE-28
22051445,,,CSE-18
22051446,,,CSE-39
22051447,,,CSE-21
22051448,,,CSE-39
22051449,,,CSE-21
22051450,,,CSE-25
22051451,,,CSE-23
22051452,,,CSE-54
22051453,,,CSE-33
22051454,,,CSE-42
22051455,,,CSE-48
22051456,,,CSE-26
22051457,,,CSE-26
22051458,,,CSE-19
22051459,,,CSE-45
22051461,,,CSE-06
22051462,,,CSE-05
22051464,,,CSE-07
22051465,,,CSE-16
22051466,,,CSE-09
22051467,,,CSE-54
22051468,,,CSE-15
22051469,,,CSE-10
22051470,,,CSE-18
22051471,,,CSE-14
22051472,,,CSE-27
22051473,,,CSE-10
22051474,,,CSE-19
22051475,,,CSE-23
22051476,,,CSE-44
22051477,,,CSE-38
22051478,,,CSE-44
22051479,,,CSE-44
22051480,,,CSE-32
22051481,,,CSE-54
22051482,,,CSE-34
22051483,,,CSE-35
22051485,,,CSE-09
22051486,,,CSE-14
22051487,,,CSE-17
22051488,,,CSE-36
22051489,,,CSE-05
22051490,,,CSE-46
22051491,,,CSE-55
22051493,,,CSE-43
22051494,,,CSE-11
22051495,,,CSE-43
22051496,,,CSE-17
22051497,,,CSE-40
22051498,,,CSE-40
22051499,,,CSE-43
22051500,,,CSE-02
22051501,,,CSE-16
22051502,,,CSE-02
22051503,,,CSE-27
22051504,,,CSE-36
22051505,,,CSE-41
22051506,,,CSE-24
22051507,,,CSE-19
22051508,,,CSE-04
22051509,,,CSE-16
22051510,,,CSE-55
22051511,,,CSE-24
22051513,,,CSE-13
22051514,,,CSE-42
22051515,,,CSE-26
22051516,,,CSE-54
22051517,,,CSE-02
22051518,,,CSE-36
22051519,,,CSE-50
22051520,,,CSE-31
22051521,,,CSE-49
22051522,,,CSE-43
22051523,,,CSE-01
22051524,,,CSE-51
22051525,,,CSE-18
22051527,,,CSE-38
22051528,,,CSE-51
22051529,,,CSE-16
22051530,,,CSE-46
22051531,,,CSE-28
22051532,,,CSE-38
22051533,,,CSE-44
22051534,,,CSE-29
22051535,,,CSE-21
22051536,,,CSE-03
22051537,,,CSE-04
22051538,,,CSE-43
22051539,,,CSE-23
22051540,,,CSE-32
22051541,,,CSE-31
22051542,,,CSE-32
22051543,,,CSE-01
22051544,,,CSE-01
22051546,,,CSE-23
22051547,,,CSE-18
22051548,,,CSE-53
22051549,,,CSE-43
22051551,,,CSE-32
22051552,,,CSE-21
22051553,,,CSE-55
22051555,,,CSE-19
22051556,,,CSE-53
22051557,,,CSE-20
22051558,,,CSE-23
22051559,,,CSE-01
22051560,,,CSE-19
22051561,,,CSE-30
22051562,,,CSE-26
22051563,,,CSE-42
22051564,,,CSE-06
22051565,,,CSE-20
22051566,,,CSE-22
22051567,,,CSE-16
22051568,,,CSE-18
22051569,,,CSE-20
22051570,,,CSE-50
22051571,,,CSE-19
22051572,,,CSE-23
22051573,,,CSE-47
22051574,,,CSE-43
22051575,,,CSE-37
22051576,,,CSE-32
22051578,,,CSE-12
22051579,,,CSE-22
22051581,,,CSE-43
22051582,,,CSE-50
22051583,,,CSE-22
22051584,,,CSE-50
22051586,,,CSE-32
22051587,,,CSE-10
22051589,,,CSE-01
22051590,,,CSE-33
22051591,,,CSE-02
22051592,,,CSE-43
22051594,,,CSE-09
22051595,,,CSE-14
22051596,,,CSE-05
22051597,,,CSE-25
22051598,,,CSE-37
22051599,,,CSE-51
22051600,,,CSE-11
22051601,,,CSE-26
22051602,,,CSE-37
22051603,,,CSE-22
22051604,,,CSE-43
22051605,,,CSE-28
22051606,,,CSE-43
22051607,,,CSE-37
22051608,,,CSE-34
22051609,,,CSE-27
22051610,,,CSE-37
22051611,,,CSE-43
22051612,,,CSE-01
22051613,,,CSE-37
22051614,,,CSE-07
22051615,,,CSE-36
22051616,,,CSE-32
22051617,,,CSE-50
22051618,,,CSE-48
22051619,,,CSE-19
22051620,,,CSE-10
22051621,,,CSE-27
22051622,,,CSE-33
22051623,,,CSE-07
22051625,,,CSE-21
22051626,,,CSE-36
22051627,,,CSE-08
22051629,,,CSE-28
22051630,,,CSE-19
22051631,,,CSE-39
22051632,,,CSE-45
22051633,,,CSE-22
22051634,,,CSE-21
22051635,,,CSE-44
22051636,,,CSE-06
22051637,,,CSE-04
22051638,,,CSE-19
22051639,,,CSE-08
22051640,,,CSE-09
22051641,,,CSE-47
22051642,,,CSE-21
22051643,,,CSE-06
22051644,,,CSE-36
22051645,,,CSE-21
22051646,,,CSE-17
22051647,,,CSE-43
22051648,,,CSE-09
22051649,,,CSE-10
22051650,,,CSE-21
22051651,,,CSE-37
22051652,,,CSE-34
22051653,,,CSE-12
22051654,,,CSE-20
22051655,,,CSE-44
22051656,,,CSE-08
22051657,,,CSE-36
22051658,,,CSE-45
22051659,,,CSE-36
22051660,,,CSE-10
22051661,,,CSE-08
22051662,,,CSE-24
22051663,,,CSE-03
22051664,,,CSE-34
22051666,,,CSE-11
22051667,,,CSE-36
22051668,,,CSE-12
22051669,,,CSE-36
22051671,,,CSE-47
22051672,,,CSE-29
22051673,,,CSE-26
22051675,,,CSE-22
22051676,,,CSE-20
22051677,,,CSE-17
22051678,,,CSE-08
22051679,,,CSE-20
22051680,,,CSE-08
22051681,,,CSE-36
22051682,,,CSE-25
22051684,,,CSE-07
22051685,,,CSE-18
22051686,,,CSE-23
22051687,,,CSE-36
22051688,,,CSE-25
22051689,,,CSE-02
22051690,,,CSE-13
22051691,,,CSE-12
22051692,,,CSE-22
22051693,,,CSE-03
22051694,,,CSE-31
22051696,,,CSE-13
22051697,,,CSE-25
22051698,,,CSE-54
22051699,,,CSE-41
22051700,,,CSE-45
22051701,,,CSE-50
22051703,,,CSE-31
22051704,,,CSE-12
22051707,,,CSE-37
22051708,,,CSE-41
22051709,,,CSE-53
22051711,,,CSE-27
22051712,,,CSE-24
22051713,,,CSE-12
22051714,,,CSE-50
22051715,,,CSE-40
22051716,,,CSE-50
22051717,,,CSE-26
22051718,,,CSE-53
22051719,,,CSE-30
22051720,,,CSE-53
22051721,,,CSE-10
22051722,,,CSE-25
22051723,,,CSE-41
22051724,,,CSE-18
22051725,,,CSE-22
22051726,,,CSE-10
22051727,,,CSE-22
22051728,,,CSE-48
22051729,,,CSE-19
22051730,,,CSE-17
22051731,,,CSE-26
22051733,,,CSE-11
22051734,,,CSE-12
22051735,,,CSE-45
22051737,,,CSE-37
22051738,,,CSE-33
22051739,,,CSE-39
22051740,,,CSE-43
22051741,,,CSE-09
22051742,,,CSE-24
22051743,,,CSE-39
22051744,,,CSE-33
22051745,,,CSE-18
22051746,,,CSE-12
22051747,,,CSE-21
22051748,,,CSE-21
22051749,,,CSE-24
22051750,,,CSE-51
22051751,,,CSE-34
22051752,,,CSE-18
22051753,,,CSE-48
22051754,,,CSE-35
22051755,,,CSE-27
22051756,,,CSE-16
22051757,,,CSE-54
22051758,,,CSE-47
22051759,,,CSE-31
22051760,,,CSE-52
22051761,,,CSE-29
22051762,,,CSE-18
22051763,,,CSE-52
22051764,,,CSE-28
22051765,,,CSE-05
22051766,,,CSE-15
22051767,,,CSE-21
22051768,,,CSE-08
22051769,,,CSE-47
22051770,,,CSE-24
22051771,,,CSE-32
22051772,,,CSE-20
22051773,,,CSE-01
22051774,,,CSE-02
22051776,,,CSE-55
22051778,,,CSE-41
22051779,,,CSE-34
22051780,,,CSE-30
22051781,,,CSE-49
22051782,,,CSE-01
22051783,,,CSE-11
22051784,,,CSE-53
22051785,,,CSE-22
22051786,,,CSE-49
22051787,,,CSE-22
22051788,,,CSE-29
22051789,,,CSE-49
22051790,,,CSE-50
22051791,,,CSE-46
22051792,,,CSE-52
22051793,,,CSE-09
22051794,,,CSE-40
22051795,,,CSE-01
22051796,,,CSE-27
22051797,,,CSE-46
22051798,,,CSE-09
22051799,,,CSE-55
22051800,,,CSE-42
22051801,,,CSE-42
22051802,,,CSE-22
22051803,,,CSE-39
22051804,,,CSE-42
22051805,,,CSE-39
22051806,,,CSE-06
22051807,,,CSE-54
22051808,,,CSE-55
22051809,,,CSE-32