Roll Number,Professional Elective 1,Professional Elective 2,Core Section
2229001,,,CSCE-01
2229002,,,CSCE-03
2229003,,,CSCE-01
2229004,,,CSCE-02
2229005,,,CSCE-01
2229006,,,CSCE-01
2229008,,,CSCE-02
2229009,,,CSCE-03
2229010,,,CSCE-03
2229011,,,CSCE-02
2229012,,,CSCE-03
2229013,,,CSCE-01
2229015,,,CSCE-01
2229016,,,CSCE-03
2229017,,,CSCE-03
2229018,,,CSCE-01
2229019,,,CSCE-03
2229020,,,CSCE-01
2229021,,,CSCE-03
2229022,,,CSCE-01
2229023,,,CSCE-03
2229024,,,CSCE-01
2229025,,,CSCE-01
2229026,,,CSCE-01
2229027,,,CSCE-02
2229029,,,CSCE-01
2229030,,,CSCE-03
2229031,,,CSCE-02
2229032,,,CSCE-01
2229033,,,CSCE-02
2229034,,,CSCE-01
2229035,,,CSCE-03
2229036,,,CSCE-01
2229037,,,CSCE-03
2229038,,,CSCE-02
2229041,,,CSCE-01
2229042,,,CSCE-01
2229043,,,CSCE-02
2229044,,,CSCE-01
2229045,,,CSCE-02
2229046,,,CSCE-02
2229048,,,CSCE-01
2229049,,,CSCE-01
2229050,,,CSCE-03
2229051,,,CSCE-02
2229052,,,CSCE-01
2229053,,,CSCE-02
2229054,,,CSCE-02
2229055,,,CSCE-02
2229056,,,CSCE-01
2229057,,,CSCE-03
2229059,,,CSCE-03
2229060,,,CSCE-03
2229061,,,CSCE-03
2229062,,,CSCE-02
2229063,,,CSCE-03
2229064,,,CSCE-03
2229065,,,CSCE-02
2229066,,,CSCE-02
2229067,,,CSCE-03
2229068,,,CSCE-02
2229069,,,CSCE-02
2229070,,,CSCE-01
2229071,,,CSCE-01
2229072,,,CSCE-03
2229073,,,CSCE-02
2229075,,,CSCE-03
2229076,,,CSCE-03
2229077,,,CSCE-02
2229078,,,CSCE-01
2229079,,,CSCE-01
2229080,,,CSCE-02
2229081,,,CSCE-01
2229082,,,CSCE-01
2229083,,,CSCE-02
2229084,,,CSCE-03
2229085,,,CSCE-03
2229087,,,CSCE-01
2229088,,,CSCE-03
2229090,,,CSCE-03
2229091,,,CSCE-01
2229092,,,CSCE-02
2229093,,,CSCE-02
2229095,,,CSCE-03
2229096,,,CSCE-02
2229098,,,CSCE-01
2229099,,,CSCE-03
2229100,,,CSCE-03
2229101,,,CSCE-03
2229102,,,CSCE-03
2229103,,,CSCE-01
2229104,,,CSCE-01
2229105,,,CSCE-01
2229106,,,CSCE-03
2229108,,,CSCE-02
2229109,,,CSCE-02
2229110,,,CSCE-03
2229111,,,CSCE-01
2229112,,,CSCE-03
2229113,,,CSCE-02
2229114,,,CSCE-03
2229115,,,CSCE-03
2229116,,,CSCE-03
2229117,,,CSCE-03
2229118,,,CSCE-03
2229119,,,CSCE-03
2229120,,,CSCE-03
2229121,,,CSCE-03
2229122,,,CSCE-02
2229124,,,CSCE-03
2229125,,,CSCE-01
2229126,,,CSCE-03
2229127,,,CSCE-01
2229128,,,CSCE-01
2229129,,,CSCE-01
2229130,,,CSCE-01
2229131,,,CSCE-03
2229132,,,CSCE-03
2229133,,,CSCE-01
2229134,,,CSCE-03
2229136,,,CSCE-02
2229137,,,CSCE-02
2229138,,,CSCE-02
2229139,,,CSCE-03
2229140,,,CSCE-01
2229141,,,CSCE-01
2229142,,,CSCE-02
2229143,,,CSCE-02
2229144,,,CSCE-01
2229145,,,CSCE-03
2229146,,,CSCE-03
2229147,,,CSCE-02
2229148,,,CSCE-01
2229150,,,CSCE-01
2229151,,,CSCE-01
2229152,,,CSCE-02
2229154,,,CSCE-01
2229155,,,CSCE-02
2229156,,,CSCE-02
2229157,,,CSCE-02
2229158,,,CSCE-03
2229159,,,CSCE-01
2229160,,,CSCE-01
2229162,,,CSCE-02
2229163,,,CSCE-03
2229164,,,CSCE-01
2229165,,,CSCE-01
2229166,,,CSCE-03
2229167,,,CSCE-02
2229168,,,CSCE-01
2229169,,,CSCE-02
2229170,,,CSCE-03
2229172,,,CSCE-01
2229173,,,CSCE-03
2229176,,,CSCE-02
2229177,,,CSCE-02
2229178,,,CSCE-02
2229179,,,CSCE-01
2229180,,,CSCE-01
2229181,,,CSCE-01
2229182,,,CSCE-02
2229183,,,CSCE-02
2229185,,,CSCE-01
2229186,,,CSCE-02
2229187,,,CSCE-02
2229189,,,CSCE-02
2229190,,,CSCE-02
2229191,,,CSCE-02
2229192,,,CSCE-03
2229193,,,CSCE-01
2229194,,,CSCE-03
2229195,,,CSCE-03
2229196,,,CSCE-03
2229197,,,CSCE-03
2229198,,,CSCE-01
2229199,,,CSCE-02
2229200,,,CSCE-01
2229201,,,CSCE-03
2229202,,,CSCE-02
2229204,,,CSCE-02
2229206,,,CSCE-03
2229207,,,CSCE-01
2229208,,,CSCE-03
2229209,,,CSCE-01
2229028,,,CSCE-02
2229161,,,CSCE-02
2229203,,,CSCE-02
2229175,,,CSCE-03
2229149,,,CSCE-03
2228001,,,CSSE-02
2228002,,,CSSE-01
2228003,,,CSSE-02
2228004,,,CSSE-02
2228005,,,CSSE-02
2228006,,,CSSE-02
2228007,,,CSSE-02
2228008,,,CSSE-02
2228009,,,CSSE-02
2228011,,,CSSE-02
2228012,,,CSSE-02
2228013,,,CSSE-02
2228014,,,CSSE-02
2228015,,,CSSE-02
2228016,,,CSSE-02
2228017,,,CSSE-01
2228018,,,CSSE-02
2228019,,,CSSE-02
2228020,,,CSSE-02
2228021,,,CSSE-02
2228022,,,CSSE-01
2228023,,,CSSE-01
2228024,,,CSSE-02
2228025,,,CSSE-02
2228026,,,CSSE-02
2228027,,,CSSE-02
2228028,,,CSSE-01
2228029,,,CSSE-02
2228030,,,CSSE-01
2228031,,,CSSE-02
2228034,,,CSSE-02
2228035,,,CSSE-02
2228036,,,CSSE-01
2228038,,,CSSE-01
2228039,,,CSSE-01
2228040,,,CSSE-02
2228041,,,CSSE-01
2228043,,,CSSE-01
2228044,,,CSSE-01
2228045,,,CSSE-02
2228046,,,CSSE-02
2228047,,,CSSE-01
2228048,,,CSSE-01
2228049,,,CSSE-01
2228051,,,CSSE-01
2228052,,,CSSE-01
2228053,,,CSSE-02
2228054,,,CSSE-01
2228055,,,CSSE-01
2228056,,,CSSE-01
2228057,,,CSSE-01
2228058,,,CSSE-02
2228059,,,CSSE-02
2228060,,,CSSE-02
2228061,,,CSSE-01
2228062,,,CSSE-02
2228063,,,CSSE-01
2228064,,,CSSE-02
2228065,,,CSSE-01
2228066,,,CSSE-02
2228067,,,CSSE-02
2228068,,,CSSE-02
2228069,,,CSSE-02
2228070,,,CSSE-02
2228073,,,CSSE-01
2228074,,,CSSE-02
2228075,,,CSSE-02
2228076,,,CSSE-02
2228077,,,CSSE-02
2228078,,,CSSE-02
2228079,,,CSSE-02
2228080,,,CSSE-02
2228081,,,CSSE-02
2228082,,,CSSE-02
2228083,,,CSSE-02
2228084,,,CSSE-02
2228085,,,CSSE-01
2228086,,,CSSE-01
2228087,,,CSSE-02
2228089,,,CSSE-01
2228090,,,CSSE-01
2228091,,,CSSE-01
2228092,,,CSSE-01
2228094,,,CSSE-01
2228095,,,CSSE-01
2228097,,,CSSE-01
2228101,,,CSSE-01
2228102,,,CSSE-01
2228103,,,CSSE-01
2228104,,,CSSE-01
2228107,,,CSSE-01
2228109,,,CSSE-01
2228110,,,CSSE-01
2228112,,,CSSE-01
2228114,,,CSSE-02
2228115,,,CSSE-02
2228116,,,CSSE-01
2228117,,,CSSE-01
2228120,,,CSSE-02
2228122,,,CSSE-02
2228123,,,CSSE-01
2228124,,,CSSE-01
2228125,,,CSSE-01
2228126,,,CSSE-02
2228127,,,CSSE-01
2228128,,,CSSE-01
2228129,,,CSSE-01
2228130,,,CSSE-01
2228131,,,CSSE-01
2228132,,,CSSE-02
2228133,,,CSSE-01
2228134,,,CSSE-01
2228135,,,CSSE-01
2228136,,,CSSE-01
2228137,,,CSSE-01
2228138,,,CSSE-02
2228139,,,CSSE-01
2228140,,,CSSE-01
2228141,,,CSSE-01
2228142,,,CSSE-01
2228144,,,CSSE-02
2228146,,,CSSE-01
2228147,,,CSSE-02
2228148,,,CSSE-01
2228149,,,CSSE-01
2228150,,,CSSE-01
2228152,,,CSSE-01
2228154,,,CSSE-02
2228155,,,CSSE-01
2228156,,,CSSE-01
2228157,,,CSSE-01
2228158,,,CSSE-01
2228159,,,CSSE-01
2228160,,,CSSE-01
2228161,,,CSSE-01
2228162,,,CSSE-01
2228163,,,CSSE-01
2228165,,,CSSE-02
2228166,,,CSSE-02
2228167,,,CSSE-01
2228168,,,CSSE-02
2228169,,,CSSE-02
2228170,,,CSSE-02
2228171,,,CSSE-01
2228172,,,CSSE-02
2228173,,,CSSE-01
2228175,,,CSSE-01
2228176,,,CSSE-01
2228178,,,CSSE-02
2228180,,,CSSE-02
2228033,,,CSSE-02
2228050,,,CSSE-02
2228143,,,CSSE-01
2228181,,,CSSE-02
2105103,,,CSE-28
2205001,,,CSE-10
2205002,,,CSE-25
2205003,,,CSE-52
2205004,,,CSE-31
2205005,,,CSE-30
2205006,,,CSE-48
2205007,,,CSE-29
2205009,,,CSE-31
2205010,,,CSE-48
2205011,,,CSE-25
2205012,,,CSE-21
2205013,,,CSE-22
2205014,,,CSE-31
2205015,,,CSE-54
2205016,,,CSE-18
2205017,,,CSE-20
2205018,,,CSE-11
2205019,,,CSE-48
2205020,,,CSE-19
2205021,,,CSE-31
2205023,,,CSE-54
2205024,,,CSE-06
2205025,,,CSE-25
2205026,,,CSE-31
2205027,,,CSE-31
2205028,,,CSE-34
2205029,,,CSE-10
2205030,,,CSE-37
2205031,,,CSE-13
2205032,,,CSE-12
2205033,,,CSE-37
2205034,,,CSE-34
2205035,,,CSE-29
2205036,,,CSE-19
2205037,,,CSE-42
2205038,,,CSE-50
2205039,,,CSE-35
2205040,,,CSE-46
2205041,,,CSE-23
2205042,,,CSE-37
2205043,,,CSE-52
2205044,,,CSE-05
2205046,,,CSE-20
2205047,,,CSE-35
2205048,,,CSE-15
2205050,,,CSE-49
2205051,,,CSE-05
2205052,,,CSE-46
2205053,,,CSE-50
2205054,,,CSE-24
2205055,,,CSE-48
2205057,,,CSE-35
2205059,,,CSE-06
2205060,,,CSE-16
2205061,,,CSE-43
2205062,,,CSE-16
2205063,,,CSE-10
2205064,,,CSE-20
2205065,,,CSE-46
2205066,,,CSE-53
2205067,,,CSE-18
2205068,,,CSE-08
2205069,,,CSE-26
2205070,,,CSE-10
2205071,,,CSE-12
2205072,,,CSE-12
2205073,,,CSE-22
2205074,,,CSE-33
2205075,,,CSE-10
2205076,,,CSE-03
2205077,,,CSE-11
2205078,,,CSE-35
2205079,,,CSE-15
2205080,,,CSE-13
2205081,,,CSE-13
2205082,,,CSE-13
2205083,,,CSE-12
2205084,,,CSE-22
2205085,,,CSE-34
2205086,,,CSE-17
2205087,,,CSE-31
2205088,,,CSE-15
2205089,,,CSE-35
2205091,,,CSE-40
2205092,,,CSE-32
2205093,,,CSE-07
2205094,,,CSE-46
2205095,,,CSE-03
2205096,,,CSE-32
2205097,,,CSE-53
2205098,,,CSE-48
2205099,,,CSE-43
2205100,,,CSE-32
2205101,,,CSE-44
2205102,,,CSE-46
2205103,,,CSE-55
2205104,,,CSE-39
2205106,,,CSE-17
2205107,,,CSE-38
2205108,,,CSE-44
2205109,,,CSE-07
2205110,,,CSE-44
2205111,,,CSE-24
2205112,,,CSE-14
2205113,,,CSE-40
2205114,,,CSE-27
2205115,,,CSE-14
2205116,,,CSE-53
2205117,,,CSE-46
2205118,,,CSE-42
2205119,,,CSE-15
2205120,,,CSE-31
2205121,,,CSE-18
2205122,,,CSE-54
2205124,,,CSE-55
2205125,,,CSE-14
2205126,,,CSE-14
2205127,,,CSE-18
2205128,,,CSE-06
2205129,,,CSE-29
2205130,,,CSE-51
2205131,,,CSE-10
2205132,,,CSE-31
2205133,,,CSE-49
2205134,,,CSE-29
2205135,,,CSE-29
2205137,,,CSE-46
2205138,,,CSE-51
2205139,,,CSE-46
2205140,,,CSE-17
2205142,,,CSE-26
2205143,,,CSE-39
2205144,,,CSE-15
2205145,,,CSE-17
2205149,,,CSE-41
2205151,,,CSE-50
2205152,,,CSE-08
2205153,,,CSE-10
2205154,,,CSE-23
2205155,,,CSE-46
2205156,,,CSE-19
2205157,,,CSE-18
2205158,,,CSE-50
2205159,,,CSE-38
2205160,,,CSE-22
2205161,,,CSE-06
2205162,,,CSE-40
2205163,,,CSE-35
2205164,,,CSE-29
2205165,,,CSE-25
2205166,,,CSE-53
2205167,,,CSE-24
2205168,,,CSE-26
2205169,,,CSE-53
2205170,,,CSE-53
2205171,,,CSE-35
2205172,,,CSE-43
2205173,,,CSE-46
2205174,,,CSE-17
2205175,,,CSE-09
2205176,,,CSE-45
2205177,,,CSE-53
2205179,,,CSE-01
2205180,,,CSE-06
2205183,,,CSE-09
2205184,,,CSE-29
2205185,,,CSE-08
2205186,,,CSE-43
2205188,,,CSE-55
2205189,,,CSE-48
2205190,,,CSE-43
2205191,,,CSE-13
2205192,,,CSE-14
2205193,,,CSE-09
2205194,,,CSE-51
2205195,,,CSE-12
2205196,,,CSE-54
2205197,,,CSE-11
2205198,,,CSE-44
2205199,,,CSE-32
2205200,,,CSE-42
2205201,,,CSE-04
2205202,,,CSE-19
2205203,,,CSE-54
2205204,,,CSE-43
2205205,,,CSE-50
2205206,,,CSE-08
2205207,,,CSE-32
2205208,,,CSE-08
2205209,,,CSE-36
2205210,,,CSE-03
2205211,,,CSE-18
2205212,,,CSE-11
2205213,,,CSE-07
2205214,,,CSE-13
2205215,,,CSE-34
2205216,,,CSE-24
2205217,,,CSE-31
2205219,,,CSE-08
2205220,,,CSE-17
2205222,,,CSE-49
2205223,,,CSE-53
2205224,,,CSE-26
2205225,,,CSE-32
2205226,,,CSE-17
2205227,,,CSE-25
2205228,,,CSE-54
2205229,,,CSE-13
2205230,,,CSE-11
2205231,,,CSE-06
2205232,,,CSE-03
2205233,,,CSE-04
2205234,,,CSE-18
2205235,,,CSE-53
2205236,,,CSE-48
2205238,,,CSE-23
2205239,,,CSE-17
2205240,,,CSE-42
2205241,,,CSE-34
2205242,,,CSE-12
2205243,,,CSE-22
2205244,,,CSE-23
2205246,,,CSE-47
2205247,,,CSE-11
2205248,,,CSE-04
2205249,,,CSE-29
2205251,,,CSE-29
2205252,,,CSE-48
2205253,,,CSE-45
2205254,,,CSE-25
2205255,,,CSE-48
2205256,,,CSE-27
2205257,,,CSE-03
2205258,,,CSE-08
2205260,,,CSE-53
2205261,,,CSE-47
2205262,,,CSE-46
2205263,,,CSE-24
2205264,,,CSE-51
2205266,,,CSE-43
2205267,,,CSE-40
2205269,,,CSE-27
2205270,,,CSE-11
2205271,,,CSE-27
2205273,,,CSE-54
2205274,,,CSE-50
2205275,,,CSE-43
2205276,,,CSE-25
2205277,,,CSE-11
2205278,,,CSE-46
2205279,,,CSE-04
2205280,,,CSE-35
2205281,,,CSE-51
2205282,,,CSE-45
2205283,,,CSE-47
2205284,,,CSE-26
2205286,,,CSE-35
2205288,,,CSE-04
2205289,,,CSE-52
2205290,,,CSE-14
2205291,,,CSE-47
2205292,,,CSE-27
2205293,,,CSE-35
2205294,,,CSE-13
2205295,,,CSE-54
2205296,,,CSE-41
2205297,,,CSE-48
2205298,,,CSE-35
2205299,,,CSE-06
2205300,,,CSE-13
2205301,,,CSE-13
2205302,,,CSE-05
2205303,,,CSE-04
2205304,,,CSE-47
2205305,,,CSE-04
2205306,,,CSE-35
2205307,,,CSE-04
2205308,,,CSE-13
2205309,,,CSE-06
2205310,,,CSE-12
2205312,,,CSE-43
2205313,,,CSE-50
2205314,,,CSE-12
2205315,,,CSE-04
2205316,,,CSE-29
2205317,,,CSE-42
2205318,,,CSE-54
2205319,,,CSE-50
2205320,,,CSE-11
2205321,,,CSE-47
2205322,,,CSE-50
2205323,,,CSE-04
2205324,,,CSE-04
2205325,,,CSE-23
2205326,,,CSE-08
2205327,,,CSE-13
2205328,,,CSE-12
2205330,,,CSE-37
2205331,,,CSE-51
2205332,,,CSE-53
2205333,,,CSE-49
2205334,,,CSE-37
2205335,,,CSE-04
2205336,,,CSE-22
2205337,,,CSE-23
2205338,,,CSE-40
2205339,,,CSE-30
2205340,,,CSE-41
2205341,,,CSE-50
2205342,,,CSE-18
2205343,,,CSE-17
2205344,,,CSE-50
2205345,,,CSE-23
2205347,,,CSE-07
2205348,,,CSE-11
2205349,,,CSE-09
2205350,,,CSE-18
2205352,,,CSE-20
2205353,,,CSE-54
2205354,,,CSE-53
2205355,,,CSE-41
2205356,,,CSE-01
2205357,,,CSE-38
2205358,,,CSE-16
2205360,,,CSE-19
2205361,,,CSE-42
2205362,,,CSE-02
2205363,,,CSE-50
2205364,,,CSE-12
2205365,,,CSE-25
2205366,,,CSE-12
2205367,,,CSE-01
2205368,,,CSE-10
2205370,,,CSE-41
2205371,,,CSE-10
2205372,,,CSE-50
2205373,,,CSE-31
2205374,,,CSE-41
2205375,,,CSE-54
2205376,,,CSE-38
2205378,,,CSE-38
2205379,,,CSE-22
2205381,,,CSE-41
2205382,,,CSE-55
2205383,,,CSE-26
2205384,,,CSE-19
2205386,,,CSE-19
2205387,,,CSE-18
2205388,,,CSE-54
2205389,,,CSE-07
2205390,,,CSE-12
2205391,,,CSE-41
2205392,,,CSE-31
2205393,,,CSE-36
2205394,,,CSE-27
2205395,,,CSE-12
2205397,,,CSE-37
2205398,,,CSE-12
2205399,,,CSE-12
2205401,,,CSE-03
2205402,,,CSE-48
2205403,,,CSE-54
2205405,,,CSE-12
2205406,,,CSE-14
2205407,,,CSE-27
2205408,,,CSE-53
2205409,,,CSE-35
2205410,,,CSE-53
2205411,,,CSE-42
2205412,,,CSE-02
2205413,,,CSE-08
2205414,,,CSE-50
2205415,,,CSE-12
2205416,,,CSE-08
2205417,,,CSE-54
2205418,,,CSE-54
2205419,,,CSE-42
2205420,,,CSE-48
2205421,,,CSE-37
2205422,,,CSE-48
2205423,,,CSE-37
2205424,,,CSE-20
2205425,,,CSE-37
2205426,,,CSE-41
2205428,,,CSE-15
2205429,,,CSE-37
2205430,,,CSE-32
2205431,,,CSE-09
2205432,,,CSE-20
2205433,,,CSE-11
2205434,,,CSE-37
2205436,,,CSE-19
2205437,,,CSE-19
2205438,,,CSE-04
2205439,,,CSE-48
2205440,,,CSE-35
2205441,,,CSE-45
2205442,,,CSE-53
2205443,,,CSE-24
2205444,,,CSE-46
2205445,,,CSE-38
2205446,,,CSE-42
2205447,,,CSE-32
2205448,,,CSE-46
2205449,,,CSE-50
2205450,,,CSE-31
2205451,,,CSE-04
2205452,,,CSE-05
2205453,,,CSE-10
2205454,,,CSE-46
2205455,,,CSE-10
2205456,,,CSE-36
2205458,,,CSE-18
2205459,,,CSE-04
2205460,,,CSE-16
2205462,,,CSE-18
2205463,,,CSE-50
2205464,,,CSE-48
2205465,,,CSE-19
2205466,,,CSE-42
2205467,,,CSE-46
2205468,,,CSE-31
2205469,,,CSE-04
2205470,,,CSE-03
2205471,,,CSE-47
2205472,,,CSE-19
2205473,,,CSE-46
2205474,,,CSE-27
2205476,,,CSE-06
2205478,,,CSE-12
2205480,,,CSE-47
2205481,,,CSE-19
2205483,,,CSE-51
2205484,,,CSE-12
2205485,,,CSE-13
2205486,,,CSE-50
2205487,,,CSE-12
2205488,,,CSE-43
2205489,,,CSE-13
2205490,,,CSE-48
2205491,,,CSE-36
2205492,,,CSE-50
2205493,,,CSE-27
2205494,,,CSE-31
2205495,,,CSE-13
2205496,,,CSE-31
2205497,,,CSE-17
2205498,,,CSE-03
2205499,,,CSE-12
2205500,,,CSE-48
2205501,,,CSE-02
2205502,,,CSE-03
2205503,,,CSE-03
2205504,,,CSE-27
2205505,,,CSE-50
2205506,,,CSE-43
2205508,,,CSE-05
2205509,,,CSE-47
2205510,,,CSE-46
2205511,,,CSE-50
2205512,,,CSE-03
2205513,,,CSE-16
2205514,,,CSE-38
2205515,,,CSE-06
2205516,,,CSE-05
2205517,,,CSE-06
2205518,,,CSE-20
2205519,,,CSE-54
2205520,,,CSE-20
2205521,,,CSE-03
2205522,,,CSE-02
2205523,,,CSE-53
2205524,,,CSE-49
2205525,,,CSE-50
2205526,,,CSE-05
2205527,,,CSE-54
2205528,,,CSE-47
2205529,,,CSE-47
2205531,,,CSE-25
2205532,,,CSE-36
2205533,,,CSE-16
2205534,,,CSE-49
2205535,,,CSE-35
2205536,,,CSE-05
2205537,,,CSE-20
2205538,,,CSE-34
2205539,,,CSE-13
2205540,,,CSE-01
2205541,,,CSE-53
2205542,,,CSE-33
2205543,,,CSE-19
2205544,,,CSE-04
2205545,,,CSE-08
2205546,,,CSE-37
2205548,,,CSE-53
2205549,,,CSE-03
2205550,,,CSE-43
2205551,,,CSE-48
2205552,,,CSE-53
2205553,,,CSE-50
2205554,,,CSE-11
2205555,,,CSE-06
2205556,,,CSE-46
2205557,,,CSE-16
2205558,,,CSE-46
2205560,,,CSE-14
2205561,,,CSE-12
2205562,,,CSE-07
2205563,,,CSE-43
2205564,,,CSE-39
2205565,,,CSE-55
2205566,,,CSE-35
2205567,,,CSE-06
2205568,,,CSE-16
2205569,,,CSE-16
2205570,,,CSE-29
2205571,,,CSE-07
2205572,,,CSE-05
2205573,,,CSE-04
2205574,,,CSE-40
2205575,,,CSE-31
2205576,,,CSE-04
2205577,,,CSE-11
2205578,,,CSE-55
2205579,,,CSE-20
2205580,,,CSE-04
2205581,,,CSE-35
2205582,,,CSE-02
2205584,,,CSE-02
2205585,,,CSE-27
2205586,,,CSE-07
2205587,,,CSE-38
2205588,,,CSE-23
2205589,,,CSE-07
2205590,,,CSE-47
2205591,,,CSE-05
2205592,,,CSE-34
2205593,,,CSE-41
2205594,,,CSE-49
2205595,,,CSE-47
2205596,,,CSE-12
2205597,,,CSE-48
2205598,,,CSE-46
2205599,,,CSE-40
2205600,,,CSE-17
2205601,,,CSE-06
2205602,,,CSE-04
2205603,,,CSE-51
2205604,,,CSE-17
2205605,,,CSE-04
2205606,,,CSE-45
2205607,,,CSE-35
2205609,,,CSE-24
2205610,,,CSE-25
2205611,,,CSE-26
2205612,,,CSE-21
2205614,,,CSE-32
2205615,,,CSE-28
2205616,,,CSE-03
2205617,,,CSE-21
2205618,,,CSE-16
2205619,,,CSE-29
2205620,,,CSE-20
2205621,,,CSE-50
2205622,,,CSE-06
2205623,,,CSE-20
2205624,,,CSE-48
2205625,,,CSE-53
2205626,,,CSE-28
2205627,,,CSE-50
2205628,,,CSE-44
2205629,,,CSE-04
2205630,,,CSE-03
2205631,,,CSE-28
2205632,,,CSE-25
2205634,,,CSE-06
2205635,,,CSE-53
2205636,,,CSE-44
2205637,,,CSE-44
2205638,,,CSE-03
2205639,,,CSE-53
2205640,,,CSE-48
2205641,,,CSE-20
2205642,,,CSE-35
2205643,,,CSE-48
2205645,,,CSE-06
2205646,,,CSE-53
2205647,,,CSE-52
2205648,,,CSE-35
2205649,,,CSE-34
2205651,,,CSE-46
2205652,,,CSE-46
2205653,,,CSE-44
2205655,,,CSE-50
2205658,,,CSE-06
2205659,,,CSE-38
2205660,,,CSE-47
2205661,,,CSE-44
2205662,,,CSE-55
2205663,,,CSE-50
2205664,,,CSE-44
2205665,,,CSE-55
2205666,,,CSE-33
2205667,,,CSE-13
2205668,,,CSE-46
2205669,,,CSE-53
2205670,,,CSE-13
2205671,,,CSE-23
2205672,,,CSE-19
2205673,,,CSE-03
2205674,,,CSE-53
2205675,,,CSE-53
2205676,,,CSE-50
2205678,,,CSE-33
2205679,,,CSE-03
2205680,,,CSE-31
2205681,,,CSE-34
2205682,,,CSE-03
2205683,,,CSE-53
2205684,,,CSE-03
2205685,,,CSE-50
2205686,,,CSE-52
2205687,,,CSE-34
2205688,,,CSE-27
2205689,,,CSE-45
2205690,,,CSE-27
2205691,,,CSE-03
2205693,,,CSE-23
2205694,,,CSE-20
2205695,,,CSE-36
2205696,,,CSE-49
2205697,,,CSE-51
2205698,,,CSE-25
2205699,,,CSE-05
2205700,,,CSE-06
2205701,,,CSE-05
2205702,,,CSE-05
2205703,,,CSE-24
2205704,,,CSE-24
2205705,,,CSE-01
2205706,,,CSE-36
2205707,,,CSE-10
2205708,,,CSE-34
2205709,,,CSE-30
2205710,,,CSE-29
2205711,,,CSE-44
2205712,,,CSE-36
2205714,,,CSE-34
2205715,,,CSE-51
2205716,,,CSE-04
2205717,,,CSE-05
2205719,,,CSE-32
2205720,,,CSE-50
2205721,,,CSE-45
2205722,,,CSE-28
2205723,,,CSE-12
2205724,,,CSE-55
2205725,,,CSE-10
2205726,,,CSE-49
2205727,,,CSE-24
2205728,,,CSE-06
2205729,,,CSE-31
2205730,,,CSE-15
2205731,,,CSE-23
2205732,,,CSE-34
2205733,,,CSE-33
2205734,,,CSE-33
2205735,,,CSE-54
2205736,,,CSE-35
2205737,,,CSE-06
2205738,,,CSE-05
2205739,,,CSE-33
2205740,,,CSE-11
2205741,,,CSE-42
2205742,,,CSE-44
2205743,,,CSE-34
2205745,,,CSE-35
2205746,,,CSE-22
2205747,,,CSE-26
2205748,,,CSE-21
2205749,,,CSE-33
2205750,,,CSE-49
2205751,,,CSE-25
2205753,,,CSE-24
2205754,,,CSE-12
2205755,,,CSE-40
2205756,,,CSE-07
2205757,,,CSE-13
2205758,,,CSE-19
2205759,,,CSE-05
2205760,,,CSE-32
2205762,,,CSE-38
2205763,,,CSE-54
2205764,,,CSE-50
2205765,,,CSE-01
2205766,,,CSE-34
2205767,,,CSE-47
2205769,,,CSE-04
2205770,,,CSE-50
2205772,,,CSE-01
2205773,,,CSE-54
2205774,,,CSE-18
2205775,,,CSE-46
2205776,,,CSE-37
2205777,,,CSE-35
2205778,,,CSE-38
2205779,,,CSE-35
2205781,,,CSE-43
2205782,,,CSE-52
2205784,,,CSE-24
2205785,,,CSE-35
2205786,,,CSE-03
2205787,,,CSE-03
2205789,,,CSE-47
2205790,,,CSE-35
2205791,,,CSE-19
2205792,,,CSE-40
2205793,,,CSE-53
2205795,,,CSE-33
2205796,,,CSE-19
2205797,,,CSE-47
2205798,,,CSE-20
2205799,,,CSE-26
2205800,,,CSE-04
2205801,,,CSE-48
2205802,,,CSE-31
2205803,,,CSE-19
2205804,,,CSE-02
2205805,,,CSE-03
2205806,,,CSE-50
2205807,,,CSE-04
2205808,,,CSE-50
2205809,,,CSE-19
2205810,,,CSE-07
2205811,,,CSE-53
2205812,,,CSE-49
2205813,,,CSE-50
2205815,,,CSE-52
2205816,,,CSE-02
2205818,,,CSE-48
2205819,,,CSE-43
2205820,,,CSE-48
2205821,,,CSE-17
2205822,,,CSE-02
2205823,,,CSE-15
2205824,,,CSE-15
2205825,,,CSE-28
2205826,,,CSE-48
2205827,,,CSE-51
2205828,,,CSE-51
2205829,,,CSE-12
2205831,,,CSE-21
2205832,,,CSE-03
2205833,,,CSE-48
2205834,,,CSE-13
2205835,,,CSE-01
2205836,,,CSE-42
2205837,,,CSE-55
2205838,,,CSE-48
2205839,,,CSE-28
2205840,,,CSE-17
2205841,,,CSE-41
2205842,,,CSE-15
2205843,,,CSE-13
2205845,,,CSE-51
2205846,,,CSE-53
2205847,,,CSE-53
2205848,,,CSE-52
2205849,,,CSE-39
2205850,,,CSE-42
2205851,,,CSE-52
2205853,,,CSE-18
2205854,,,CSE-40
2205855,,,CSE-08
2205856,,,CSE-08
2205857,,,CSE-18
2205858,,,CSE-45
2205859,,,CSE-18
2205860,,,CSE-51
2205861,,,CSE-51
2205862,,,CSE-20
2205863,,,CSE-25
2205864,,,CSE-52
2205865,,,CSE-52
2205866,,,CSE-05
2205868,,,CSE-13
2205869,,,CSE-24
2205870,,,CSE-13
2205871,,,CSE-04
2205872,,,CSE-37
2205873,,,CSE-23
2205874,,,CSE-24
2205875,,,CSE-15
2205876,,,CSE-54
2205877,,,CSE-22
2205878,,,CSE-49
2205879,,,CSE-46
2205880,,,CSE-38
2205881,,,CSE-17
2205882,,,CSE-41
2205883,,,CSE-40
2205884,,,CSE-02
2205885,,,CSE-10
2205887,,,CSE-49
2205888,,,CSE-23
2205889,,,CSE-23
2205890,,,CSE-27
2205891,,,CSE-42
2205892,,,CSE-46
2205893,,,CSE-35
2205894,,,CSE-32
2205895,,,CSE-41
2205896,,,CSE-35
2205897,,,CSE-34
2205898,,,CSE-01
2205899,,,CSE-04
2205900,,,CSE-03
2205902,,,CSE-24
2205903,,,CSE-54
2205904,,,CSE-24
2205905,,,CSE-23
2205906,,,CSE-22
2205907,,,CSE-36
2205908,,,CSE-21
2205909,,,CSE-21
2205910,,,CSE-02
2205911,,,CSE-01
2205912,,,CSE-51
2205913,,,CSE-10
2205914,,,CSE-01
2205915,,,CSE-35
2205916,,,CSE-42
2205917,,,CSE-46
2205918,,,CSE-19
2205919,,,CSE-41
2205920,,,CSE-28
2205921,,,CSE-41
2205923,,,CSE-01
2205924,,,CSE-39
2205925,,,CSE-16
2205926,,,CSE-49
2205930,,,CSE-37
2205931,,,CSE-01
2205932,,,CSE-50
2205933,,,CSE-38
2205934,,,CSE-07
2205935,,,CSE-16
2205936,,,CSE-32
2205937,,,CSE-29
2205938,,,CSE-53
2205939,,,CSE-22
2205940,,,CSE-32
2205941,,,CSE-04
2205942,,,CSE-35
2205945,,,CSE-26
2205947,,,CSE-50
2205948,,,CSE-23
2205949,,,CSE-51
2205950,,,CSE-49
2205951,,,CSE-06
2205952,,,CSE-15
2205953,,,CSE-55
2205954,,,CSE-23
2205955,,,CSE-21
2205956,,,CSE-30
2205957,,,CSE-38
2205958,,,CSE-22
2205959,,,CSE-31
2205960,,,CSE-20
2205961,,,CSE-30
2205962,,,CSE-09
2205963,,,CSE-05
2205964,,,CSE-08
2205965,,,CSE-23
2205966,,,CSE-22
2205967,,,CSE-16
2205968,,,CSE-31
2205969,,,CSE-22
2205970,,,CSE-12
2205971,,,CSE-03
2205972,,,CSE-46
2205973,,,CSE-05
2205974,,,CSE-31
2205975,,,CSE-54
2205976,,,CSE-55
2205977,,,CSE-04
2205978,,,CSE-38
2205979,,,CSE-44
2205980,,,CSE-05
2205981,,,CSE-09
2205982,,,CSE-12
2205983,,,CSE-02
2205984,,,CSE-46
2205985,,,CSE-46
2205986,,,CSE-34
2205988,,,CSE-21
2205989,,,CSE-55
2205990,,,CSE-54
2205991,,,CSE-33
2205992,,,CSE-52
2205993,,,CSE-52
2205995,,,CSE-01
2205996,,,CSE-21
2205997,,,CSE-26
2205998,,,CSE-37
2205999,,,CSE-38
21051241,,,CSE-08
21052348,,,CSE-40
22051000,,,CSE-52
22051001,,,CSE-42
22051002,,,CSE-12
22051003,,,CSE-09
22051004,,,CSE-34
22051005,,,CSE-52
22051006,,,CSE-25
22051007,,,CSE-05
22051008,,,CSE-36
22051009,,,CSE-06
22051010,,,CSE-31
22051011,,,CSE-27
22051012,,,CSE-41
22051013,,,CSE-54
22051014,,,CSE-47
22051015,,,CSE-20
22051016,,,CSE-21
22051017,,,CSE-05
22051018,,,CSE-31
22051019,,,CSE-22
22051020,,,CSE-27
22051021,,,CSE-27
22051022,,,CSE-27
22051023,,,CSE-14
22051024,,,CSE-52
22051026,,,CSE-37
22051027,,,CSE-27
22051028,,,CSE-04
22051029,,,CSE-39
22051030,,,CSE-22
22051031,,,CSE-43
22051032,,,CSE-40
22051033,,,CSE-42
22051034,,,CSE-26
22051035,,,CSE-11
22051036,,,CSE-05
22051037,,,CSE-07
22051038,,,CSE-15
22051039,,,CSE-26
22051040,,,CSE-34
22051041,,,CSE-17
22051042,,,CSE-47
22051043,,,CSE-52
22051044,,,CSE-10
22051045,,,CSE-02
22051046,,,CSE-17
22051047,,,CSE-23
22051048,,,CSE-23
22051049,,,CSE-04
22051050,,,CSE-46
22051051,,,CSE-36
22051052,,,CSE-51
22051053,,,CSE-23
22051054,,,CSE-10
22051055,,,CSE-17
22051056,,,CSE-03
22051057,,,CSE-17
22051058,,,CSE-08
22051059,,,CSE-03
22051060,,,CSE-32
22051061,,,CSE-17
22051062,,,CSE-51
22051063,,,CSE-51
22051064,,,CSE-08
22051065,,,CSE-03
22051066,,,CSE-23
22051067,,,CSE-52
22051069,,,CSE-32
22051070,,,CSE-51
22051071,,,CSE-31
22051072,,,CSE-03
22051073,,,CSE-48
22051074,,,CSE-24
22051075,,,CSE-18
22051076,,,CSE-40
22051077,,,CSE-24
22051078,,,CSE-54
22051079,,,CSE-24
22051080,,,CSE-49
22051081,,,CSE-36
22051082,,,CSE-38
22051083,,,CSE-23
22051084,,,CSE-28
22051085,,,CSE-32
22051086,,,CSE-16
22051087,,,CSE-19
22051088,,,CSE-52
22051089,,,CSE-17
22051090,,,CSE-17
22051091,,,CSE-39
22051092,,,CSE-25
22051093,,,CSE-48
22051094,,,CSE-51
22051095,,,CSE-55
22051097,,,CSE-16
22051098,,,CSE-21
22051099,,,CSE-03
22051100,,,CSE-01
22051101,,,CSE-24
22051102,,,CSE-19
22051103,,,CSE-21
22051104,,,CSE-42
22051105,,,CSE-32
22051106,,,CSE-44
22051107,,,CSE-32
22051109,,,CSE-28
22051110,,,CSE-55
22051111,,,CSE-25
22051112,,,CSE-32
22051113,,,CSE-43
22051114,,,CSE-01
22051115,,,CSE-02
22051116,,,CSE-37
22051117,,,CSE-32
22051118,,,CSE-17
22051120,,,CSE-30
22051121,,,CSE-08
22051122,,,CSE-01
22051123,,,CSE-20
22051124,,,CSE-15
22051125,,,CSE-20
22051126,,,CSE-22
22051127,,,CSE-27
22051128,,,CSE-11
22051129,,,CSE-16
22051130,,,CSE-43
22051131,,,CSE-19
22051132,,,CSE-23
22051133,,,CSE-23
22051134,,,CSE-44
22051135,,,CSE-18
22051136,,,CSE-01
22051137,,,CSE-21
22051138,,,CSE-12
22051139,,,CSE-52
22051140,,,CSE-42
22051141,,,CSE-07
22051142,,,CSE-23
22051143,,,CSE-12
22051145,,,CSE-17
22051146,,,CSE-50
22051147,,,CSE-18
22051148,,,CSE-36
22051149,,,CSE-40
22051150,,,CSE-22
22051152,,,CSE-50
22051153,,,CSE-05
22051154,,,CSE-22
22051155,,,CSE-35
22051156,,,CSE-05
22051157,,,CSE-50
22051158,,,CSE-30
22051159,,,CSE-24
22051160,,,CSE-54
22051161,,,CSE-02
22051162,,,CSE-02
22051163,,,CSE-07
22051164,,,CSE-19
22051165,,,CSE-51
22051167,,,CSE-49
22051168,,,CSE-25
22051169,,,CSE-49
22051170,,,CSE-35
22051171,,,CSE-10
22051172,,,CSE-18
22051173,,,CSE-12
22051175,,,CSE-32
22051176,,,CSE-43
22051177,,,CSE-21
22051178,,,CSE-03
22051179,,,CSE-42
22051181,,,CSE-55
22051182,,,CSE-55
22051184,,,CSE-21
22051186,,,CSE-19
22051187,,,CSE-21
22051188,,,CSE-21
22051189,,,CSE-55
22051190,,,CSE-21
22051191,,,CSE-08
22051192,,,CSE-53
22051193,,,CSE-02
22051194,,,CSE-19
22051195,,,CSE-28
22051196,,,CSE-21
22051197,,,CSE-16
22051198,,,CSE-17
22051199,,,CSE-35
22051200,,,CSE-09
22051201,,,CSE-39
22051202,,,CSE-04
22051203,,,CSE-23
22051204,,,CSE-46
22051205,,,CSE-44
22051206,,,CSE-23
22051208,,,CSE-52
22051209,,,CSE-52
22051210,,,CSE-34
22051211,,,CSE-32
22051212,,,CSE-19
22051213,,,CSE-39
22051214,,,CSE-19
22051215,,,CSE-15
22051216,,,CSE-13
22051217,,,CSE-53
22051218,,,CSE-53
22051219,,,CSE-18
22051220,,,CSE-11
22051221,,,CSE-53
22051222,,,CSE-16
22051223,,,CSE-24
22051225,,,CSE-35
22051226,,,CSE-04
22051227,,,CSE-47
22051228,,,CSE-22
22051229,,,CSE-44
22051230,,,CSE-52
22051231,,,CSE-22
22051232,,,CSE-40
22051233,,,CSE-27
22051234,,,CSE-18
22051235,,,CSE-35
22051236,,,CSE-05
22051237,,,CSE-53
22051238,,,CSE-07
22051239,,,CSE-41
22051240,,,CSE-44
22051241,,,CSE-37
22051243,,,CSE-23
22051245,,,CSE-31
22051246,,,CSE-31
22051247,,,CSE-27
22051248,,,CSE-16
22051249,,,CSE-20
22051250,,,CSE-22
22051251,,,CSE-26
22051252,,,CSE-21
22051253,,,CSE-19
22051254,,,CSE-17
22051255,,,CSE-22
22051256,,,CSE-04
22051257,,,CSE-19
22051258,,,CSE-35
22051259,,,CSE-17
22051260,,,CSE-54
22051261,,,CSE-08
22051262,,,CSE-42
22051263,,,CSE-55
22051265,,,CSE-01
22051266,,,CSE-52
22051267,,,CSE-16
22051269,,,CSE-21
22051270,,,CSE-17
22051271,,,CSE-52
22051272,,,CSE-02
22051273,,,CSE-36
22051274,,,CSE-28
22051276,,,CSE-21
22051279,,,CSE-30
22051280,,,CSE-06
22051281,,,CSE-35
22051282,,,CSE-03
22051283,,,CSE-37
22051284,,,CSE-40
22051285,,,CSE-22
22051286,,,CSE-40
22051287,,,CSE-30
22051288,,,CSE-35
22051289,,,CSE-30
22051290,,,CSE-28
22051291,,,CSE-08
22051292,,,CSE-22
22051293,,,CSE-22
22051294,,,CSE-40
22051295,,,CSE-47
22051296,,,CSE-04
22051298,,,CSE-06
22051299,,,CSE-10
22051300,,,CSE-21
22051301,,,CSE-27
22051302,,,CSE-48
22051303,,,CSE-37
22051304,,,CSE-25
22051305,,,CSE-37
22051306,,,CSE-55
22051307,,,CSE-11
22051308,,,CSE-18
22051309,,,CSE-23
22051310,,,CSE-22
22051311,,,CSE-09
22051312,,,CSE-11
22051313,,,CSE-09
22051314,,,CSE-38
22051315,,,CSE-38
22051316,,,CSE-38
22051317,,,CSE-12
22051318,,,CSE-28
22051319,,,CSE-55
22051320,,,CSE-42
22051321,,,CSE-26
22051322,,,CSE-07
22051323,,,CSE-03
22051325,,,CSE-29
22051326,,,CSE-05
22051327,,,CSE-32
22051328,,,CSE-41
22051329,,,CSE-06
22051331,,,CSE-05
22051333,,,CSE-17
22051334,,,CSE-18
22051335,,,CSE-55
22051336,,,CSE-28
22051337,,,CSE-55
22051339,,,CSE-24
22051340,,,CSE-52
22051341,,,CSE-35
22051342,,,CSE-16
22051343,,,CSE-51
22051344,,,CSE-26
22051345,,,CSE-35
22051346,,,CSE-02
22051347,,,CSE-39
22051348,,,CSE-14
22051350,,,CSE-26
22051351,,,CSE-49
22051352,,,CSE-03
22051354,,,CSE-18
22051355,,,CSE-54
22051356,,,CSE-36
22051357,,,CSE-02
22051358,,,CSE-24
22051359,,,CSE-35
22051360,,,CSE-26
22051361,,,CSE-03
22051362,,,CSE-30
22051363,,,CSE-32
22051364,,,CSE-28
22051365,,,CSE-22
22051366,,,CSE-26
22051367,,,CSE-30
22051368,,,CSE-14
22051369,,,CSE-25
22051370,,,CSE-32
22051371,,,CSE-36
22051372,,,CSE-17
22051373,,,CSE-36
22051374,,,CSE-15
22051375,,,CSE-16
22051376,,,CSE-25
22051378,,,CSE-09
22051379,,,CSE-15
22051380,,,CSE-32
22051381,,,CSE-02
22051382,,,CSE-22
22051383,,,CSE-06
22051384,,,CSE-35
22051385,,,CSE-30
22051386,,,CSE-28
22051387,,,CSE-35
22051388,,,CSE-32
22051389,,,CSE-02
22051390,,,CSE-18
22051391,,,CSE-09
22051392,,,CSE-13
22051393,,,CSE-48
22051394,,,CSE-17
22051395,,,CSE-51
22051396,,,CSE-13
22051397,,,CSE-23
22051398,,,CSE-06
22051399,,,CSE-50
22051400,,,CSE-50
22051401,,,CSE-25
22051402,,,CSE-55
22051403,,,CSE-49
22051404,,,CSE-42
22051405,,,CSE-31
22051406,,,CSE-22
22051407,,,CSE-03
22051408,,,CSE-18
22051409,,,CSE-07
22051410,,,CSE-31
22051411,,,CSE-29
22051412,,,CSE-23
22051414,,,CSE-52
22051416,,,CSE-23
22051417,,,CSE-27
22051418,,,CSE-27
22051419,,,CSE-23
22051420,,,CSE-44
22051422,,,CSE-34
22051423,,,CSE-29
22051424,,,CSE-50
22051425,,,CSE-07
22051427,,,CSE-27
22051428,,,CSE-49
22051429,,,CSE-07
22051430,,,CSE-32
22051431,,,CSE-36
22051432,,,CSE-23
22051433,,,CSE-52
22051434,,,CSE-22
22051435,,,CSE-10
22051436,,,CSE-01
22051437,,,CSE-52
22051439,,,CSE-52
22051440,,,CSE-48
22051441,,,CSE-52
22051442,,,CSE-19
22051443,,,CSE-28
22051444,,,CSE-28
22051445,,,CSE-18
22051446,,,CSE-39
22051447,,,CSE-21
22051448,,,CSE-39
22051449,,,CSE-21
22051450,,,CSE-25
22051451,,,CSE-23
22051452,,,CSE-54
22051453,,,CSE-33
22051454,,,CSE-42
22051455,,,CSE-48
22051456,,,CSE-26
22051457,,,CSE-26
22051458,,,CSE-19
22051459,,,CSE-45
22051461,,,CSE-06
22051462,,,CSE-05
22051464,,,CSE-07
22051465,,,CSE-16
22051466,,,CSE-09
22051467,,,CSE-54
22051468,,,CSE-15
22051469,,,CSE-10
22051470,,,CSE-18
22051471,,,CSE-14
22051472,,,CSE-27
22051473,,,CSE-10
22051474,,,CSE-19
22051475,,,CSE-23
22051476,,,CSE-44
22051477,,,CSE-38
22051478,,,CSE-44
22051479,,,CSE-44
22051480,,,CSE-32
22051481,,,CSE-54
22051482,,,CSE-34
22051483,,,CSE-35
22051485,,,CSE-09
22051486,,,CSE-14
22051487,,,CSE-17
22051488,,,CSE-36
22051489,,,CSE-05
22051490,,,CSE-46
22051491,,,CSE-55
22051493,,,CSE-43
22051494,,,CSE-11
22051495,,,CSE-43
22051496,,,CSE-17
22051497,,,CSE-40
22051498,,,CSE-40
22051499,,,CSE-43
22051500,,,CSE-02
22051501,,,CSE-16
22051502,,,CSE-02
22051503,,,CSE-27
22051504,,,CSE-36
22051505,,,CSE-41
22051506,,,CSE-24
22051507,,,CSE-19
22051508,,,CSE-04
22051509,,,CSE-16
22051510,,,CSE-55
22051511,,,CSE-24
22051513,,,CSE-13
22051514,,,CSE-42
22051515,,,CSE-26
22051516,,,CSE-54
22051517,,,CSE-02
22051518,,,CSE-36
22051519,,,CSE-50
22051520,,,CSE-31
22051521,,,CSE-49
22051522,,,CSE-43
22051523,,,CSE-01
22051524,,,CSE-51
22051525,,,CSE-18
22051527,,,CSE-38
22051528,,,CSE-51
22051529,,,CSE-16
22051530,,,CSE-46
22051531,,,CSE-28
22051532,,,CSE-38
22051533,,,CSE-44
22051534,,,CSE-29
22051535,,,CSE-21
22051536,,,CSE-03
22051537,,,CSE-04
22051538,,,CSE-43
22051539,,,CSE-23
22051540,,,CSE-32
22051541,,,CSE-31
22051542,,,CSE-32
22051543,,,CSE-01
22051544,,,CSE-01
22051546,,,CSE-23
22051547,,,CSE-18
22051548,,,CSE-53
22051549,,,CSE-43
22051551,,,CSE-32
22051552,,,CSE-21
22051553,,,CSE-55
22051555,,,CSE-19
22051556,,,CSE-53
22051557,,,CSE-20
22051558,,,CSE-23
22051559,,,CSE-01
22051560,,,CSE-19
22051561,,,CSE-30
22051562,,,CSE-26
22051563,,,CSE-42
22051564,,,CSE-06
22051565,,,CSE-20
22051566,,,CSE-22
22051567,,,CSE-16
22051568,,,CSE-18
22051569,,,CSE-20
22051570,,,CSE-50
22051571,,,CSE-19
22051572,,,CSE-23
22051573,,,CSE-47
22051574,,,CSE-43
22051575,,,CSE-37
22051576,,,CSE-32
22051578,,,CSE-12
22051579,,,CSE-22
22051581,,,CSE-43
22051582,,,CSE-50
22051583,,,CSE-22
22051584,,,CSE-50
22051586,,,CSE-32
22051587,,,CSE-10
22051589,,,CSE-01
22051590,,,CSE-33
22051591,,,CSE-02
22051592,,,CSE-43
22051594,,,CSE-09
22051595,,,CSE-14
22051596,,,CSE-05
22051597,,,CSE-25
22051598,,,CSE-37
22051599,,,CSE-51
22051600,,,CSE-11
22051601,,,CSE-26
22051602,,,CSE-37
22051603,,,CSE-22
22051604,,,CSE-43
22051605,,,CSE-28
22051606,,,CSE-43
22051607,,,CSE-37
22051608,,,CSE-34
22051609,,,CSE-27
22051610,,,CSE-37
22051611,,,CSE-43
22051612,,,CSE-01
22051613,,,CSE-37
22051614,,,CSE-07
22051615,,,CSE-36
22051616,,,CSE-32
22051617,,,CSE-50
22051618,,,CSE-48
22051619,,,CSE-19
22051620,,,CSE-10
22051621,,,CSE-27
22051622,,,CSE-33
22051623,,,CSE-07
22051625,,,CSE-21
22051626,,,CSE-36
22051627,,,CSE-08
22051629,,,CSE-28
22051630,,,CSE-19
22051631,,,CSE-39
22051632,,,CSE-45
22051633,,,CSE-22
22051634,,,CSE-21
22051635,,,CSE-44
22051636,,,CSE-06
22051637,,,CSE-04
22051638,,,CSE-19
22051639,,,CSE-08
22051640,,,CSE-09
22051641,,,CSE-47
22051642,,,CSE-21
22051643,,,CSE-06
22051644,,,CSE-36
22051645,,,CSE-21
22051646,,,CSE-17
22051647,,,CSE-43
22051648,,,CSE-09
22051649,,,CSE-10
22051650,,,CSE-21
22051651,,,CSE-37
22051652,,,CSE-34
22051653,,,CSE-12
22051654,,,CSE-20
22051655,,,CSE-44
22051656,,,CSE-08
22051657,,,CSE-36
22051658,,,CSE-45
22051659,,,CSE-36
22051660,,,CSE-10
22051661,,,CSE-08
22051662,,,CSE-24
22051663,,,CSE-03
22051664,,,CSE-34
22051666,,,CSE-11
22051667,,,CSE-36
22051668,,,CSE-12
22051669,,,CSE-36
22051671,,,CSE-47
22051672,,,CSE-29
22051673,,,CSE-26
22051675,,,CSE-22
22051676,,,CSE-20
22051677,,,CSE-17
22051678,,,CSE-08
22051679,,,CSE-20
22051680,,,CSE-08
22051681,,,CSE-36
22051682,,,CSE-25
22051684,,,CSE-07
22051685,,,CSE-18
22051686,,,CSE-23
22051687,,,CSE-36
22051688,,,CSE-25
22051689,,,CSE-02
22051690,,,CSE-13
22051691,,,CSE-12
22051692,,,CSE-22
22051693,,,CSE-03
22051694,,,CSE-31
22051696,,,CSE-13
22051697,,,CSE-25
22051698,,,CSE-54
22051699,,,CSE-41
22051700,,,CSE-45
22051701,,,CSE-50
22051703,,,CSE-31
22051704,,,CSE-12
22051707,,,CSE-37
22051708,,,CSE-41
22051709,,,CSE-53
22051711,,,CSE-27
22051712,,,CSE-24
22051713,,,CSE-12
22051714,,,CSE-50
22051715,,,CSE-40
22051716,,,CSE-50
22051717,,,CSE-26
22051718,,,CSE-53
22051719,,,CSE-30
22051720,,,CSE-53
22051721,,,CSE-10
22051722,,,CSE-25
22051723,,,CSE-41
22051724,,,CSE-18
22051725,,,CSE-22
22051726,,,CSE-10
22051727,,,CSE-22
22051728,,,CSE-48
22051729,,,CSE-19
22051730,,,CSE-17
22051731,,,CSE-26
22051733,,,CSE-11
22051734,,,CSE-12
22051735,,,CSE-45
22051737,,,CSE-37
22051738,,,CSE-33
22051739,,,CSE-39
22051740,,,CSE-43
22051741,,,CSE-09
22051742,,,CSE-24
22051743,,,CSE-39
22051744,,,CSE-33
22051745,,,CSE-18
22051746,,,CSE-12
22051747,,,CSE-21
22051748,,,CSE-21
22051749,,,CSE-24
22051750,,,CSE-51
22051751,,,CSE-34
22051752,,,CSE-18
22051753,,,CSE-48
22051754,,,CSE-35
22051755,,,CSE-27
22051756,,,CSE-16
22051757,,,CSE-54
22051758,,,CSE-47
22051759,,,CSE-31
22051760,,,CSE-52
22051761,,,CSE-29
22051762,,,CSE-18
22051763,,,CSE-52
22051764,,,CSE-28
22051765,,,CSE-05
22051766,,,CSE-15
22051767,,,CSE-21
22051768,,,CSE-08
22051769,,,CSE-47
22051770,,,CSE-24
22051771,,,CSE-32
22051772,,,CSE-20
22051773,,,CSE-01
22051774,,,CSE-02
22051776,,,CSE-55
22051778,,,CSE-41
22051779,,,CSE-34
22051780,,,CSE-30
22051781,,,CSE-49
22051782,,,CSE-01
22051783,,,CSE-11
22051784,,,CSE-53
22051785,,,CSE-22
22051786,,,CSE-49
22051787,,,CSE-22
22051788,,,CSE-29
22051789,,,CSE-49
22051790,,,CSE-50
22051791,,,CSE-46
22051792,,,CSE-52
22051793,,,CSE-09
22051794,,,CSE-40
22051795,,,CSE-01
22051796,,,CSE-27
22051797,,,CSE-46
22051798,,,CSE-09
22051799,,,CSE-55
22051800,,,CSE-42
22051801,,,CSE-42
22051802,,,CSE-22
22051803,,,CSE-39
22051804,,,CSE-42
22051805,,,CSE-39
22051806,,,CSE-06
22051807,,,CSE-54
22051808,,,CSE-55
22051809,,,CSE-32
22051810,,,CSE-09
22051811,,,CSE-20
22051812,,,CSE-41
22051813,,,CSE-33
22051814,,,CSE-39
22051815,,,CSE-55
22051816,,,CSE-42
22051817,,,CSE-39
22051818,,,CSE-54
22051819,,,CSE-06
22051820,,,CSE-24
22051821,,,CSE-45
22051822,,,CSE-33
22051823,,,CSE-33
22051824,,,CSE-33
22051825,,,CSE-33
22051826,,,CSE-53
22051827,,,CSE-36
22051828,,,CSE-24
22051829,,,CSE-53
22051830,,,CSE-44
22051831,,,CSE-23
22051832,,,CSE-36
22051833,,,CSE-08
22051834,,,CSE-42
22051835,,,CSE-24
22051836,,,CSE-23
22051837,,,CSE-08
22051838,,,CSE-43
22051839,,,CSE-46
22051840,,,CSE-31
22051841,,,CSE-46
22051842,,,CSE-47
22051843,,,CSE-47
22051844,,,CSE-52
22051845,,,CSE-22
22051846,,,CSE-24
22051847,,,CSE-24
22051848,,,CSE-22
22051849,,,CSE-24
22051850,,,CSE-52
22051851,,,CSE-52
22051852,,,CSE-30
22051853,,,CSE-24
22051854,,,CSE-52
22051855,,,CSE-07
22051856,,,CSE-41
22051857,,,CSE-24
22051858,,,CSE-23
22051859,,,CSE-24
22051860,,,CSE-47
22051861,,,CSE-30
22051862,,,CSE-52
22051863,,,CSE-33
22051864,,,CSE-32
22051865,,,CSE-40
22051866,,,CSE-15
22051867,,,CSE-10
22051868,,,CSE-10
22051869,,,CSE-01
22051870,,,CSE-30
22051871,,,CSE-01
22051872,,,CSE-20
22051873,,,CSE-01
22051874,,,CSE-01
22051875,,,CSE-02
22051876,,,CSE-42
22051877,,,CSE-29
22051878,,,CSE-33
22051879,,,CSE-01
22051880,,,CSE-15
22051881,,,CSE-38
22051882,,,CSE-15
22051883,,,CSE-42
22051884,,,CSE-32
22051885,,,CSE-21
22051887,,,CSE-07
22051888,,,CSE-01
22051889,,,CSE-02
22051890,,,CSE-09
22051891,,,CSE-38
22051892,,,CSE-23
22051893,,,CSE-38
22051894,,,CSE-29
22051895,,,CSE-07
22051896,,,CSE-20
22051897,,,CSE-01
22051898,,,CSE-49
22051899,,,CSE-42
22051900,,,CSE-33
22051901,,,CSE-42
22051903,,,CSE-02
22051904,,,CSE-20
22051905,,,CSE-21
22051906,,,CSE-07
22051908,,,CSE-30
22051909,,,CSE-54
22051911,,,CSE-19
22051912,,,CSE-03
22051913,,,CSE-43
22051914,,,CSE-39
22051915,,,CSE-42
22051916,,,CSE-18
22051917,,,CSE-28
22051918,,,CSE-43
22051919,,,CSE-42
22051920,,,CSE-20
22051921,,,CSE-18
22051922,,,CSE-38
22051923,,,CSE-03
22051924,,,CSE-23
22051925,,,CSE-31
22051926,,,CSE-08
22051927,,,CSE-02
22051928,,,CSE-48
22051929,,,CSE-08
22051930,,,CSE-23
22051931,,,CSE-13
22051932,,,CSE-08
22051933,,,CSE-46
22051934,,,CSE-30
22051935,,,CSE-20
22051936,,,CSE-35
22051937,,,CSE-13
22051938,,,CSE-02
22051939,,,CSE-01
22051940,,,CSE-25
22051941,,,CSE-27
22051942,,,CSE-08
22051943,,,CSE-24
22051944,,,CSE-33
22051945,,,CSE-03
22051946,,,CSE-33
22051947,,,CSE-39
22051948,,,CSE-44
22051949,,,CSE-39
22051950,,,CSE-13
22051951,,,CSE-30
22051953,,,CSE-39
22051954,,,CSE-39
22051955,,,CSE-53
22051956,,,CSE-12
22051957,,,CSE-28
22051958,,,CSE-39
22051959,,,CSE-03
22051960,,,CSE-41
22051961,,,CSE-01
22051962,,,CSE-29
22051963,,,CSE-02
22051964,,,CSE-45
22051965,,,CSE-24
22051966,,,CSE-25
22051967,,,CSE-15
22051968,,,CSE-24
22051969,,,CSE-18
22051970,,,CSE-55
22051971,,,CSE-02
22051972,,,CSE-04
22051973,,,CSE-27
22051974,,,CSE-04
22051975,,,CSE-10
22051976,,,CSE-08
22051977,,,CSE-45
22051978,,,CSE-01
22051979,,,CSE-24
22051980,,,CSE-37
22051981,,,CSE-03
22051982,,,CSE-36
22051983,,,CSE-46
22051984,,,CSE-18
22051985,,,CSE-08
22051986,,,CSE-08
22051987,,,CSE-11
22051988,,,CSE-01
22051990,,,CSE-08
22051991,,,CSE-43
22051992,,,CSE-28
22051993,,,CSE-41
22051994,,,CSE-27
22051995,,,CSE-53
22051996,,,CSE-39
22051997,,,CSE-07
22051998,,,CSE-35
22051999,,,CSE-20
22052000,,,CSE-42
22052001,,,CSE-32
22052002,,,CSE-21
22052003,,,CSE-01
22052004,,,CSE-49
22052005,,,CSE-12
22052006,,,CSE-18
22052007,,,CSE-35
22052008,,,CSE-24
22052009,,,CSE-20
22052010,,,CSE-30
22052011,,,CSE-44
22052012,,,CSE-20
22052013,,,CSE-21
22052014,,,CSE-49
22052015,,,CSE-18
22052017,,,CSE-13
22052018,,,CSE-21
22052019,,,CSE-21
22052020,,,CSE-01
22052021,,,CSE-42
22052022,,,CSE-42
22052023,,,CSE-39
22052024,,,CSE-30
22052025,,,CSE-10
22052026,,,CSE-51
22052027,,,CSE-02
22052028,,,CSE-45
22052029,,,CSE-21
22052030,,,CSE-52
22052031,,,CSE-02
22052032,,,CSE-21
22052033,,,CSE-21
22052034,,,CSE-40
22052035,,,CSE-22
22052036,,,CSE-32
22052037,,,CSE-19
22052038,,,CSE-15
22052039,,,CSE-49
22052040,,,CSE-01
22052041,,,CSE-19
22052042,,,CSE-31
22052043,,,CSE-31
22052044,,,CSE-31
22052045,,,CSE-48
22052047,,,CSE-48
22052048,,,CSE-47
22052049,,,CSE-17
22052050,,,CSE-25
22052051,,,CSE-20
22052052,,,CSE-27
22052053,,,CSE-07
22052054,,,CSE-31
22052055,,,CSE-41
22052056,,,CSE-36
22052057,,,CSE-36
22052058,,,CSE-36
22052059,,,CSE-19
22052060,,,CSE-19
22052061,,,CSE-26
22052062,,,CSE-30
22052063,,,CSE-38
22052064,,,CSE-31
22052065,,,CSE-25
22052067,,,CSE-03
22052068,,,CSE-25
22052069,,,CSE-29
22052071,,,CSE-32
22052072,,,CSE-10
22052073,,,CSE-01
22052074,,,CSE-21
22052075,,,CSE-10
22052076,,,CSE-22
22052077,,,CSE-40
22052079,,,CSE-25
22052080,,,CSE-32
22052081,,,CSE-55
22052082,,,CSE-10
22052083,,,CSE-10
22052084,,,CSE-38
22052085,,,CSE-25
22052086,,,CSE-14
22052088,,,CSE-05
22052089,,,CSE-07
22052090,,,CSE-40
22052091,,,CSE-08
22052092,,,CSE-05
22052093,,,CSE-54
22052094,,,CSE-48
22052095,,,CSE-14
22052096,,,CSE-45
22052097,,,CSE-20
22052098,,,CSE-21
22052100,,,CSE-40
22052101,,,CSE-40
22052102,,,CSE-47
22052103,,,CSE-47
22052104,,,CSE-16
22052105,,,CSE-23
22052106,,,CSE-16
22052107,,,CSE-13
22052108,,,CSE-23
22052109,,,CSE-22
22052110,,,CSE-23
22052112,,,CSE-51
22052113,,,CSE-39
22052115,,,CSE-16
22052116,,,CSE-47
22052117,,,CSE-13
22052118,,,CSE-21
22052119,,,CSE-17
22052121,,,CSE-54
22052122,,,CSE-29
22052123,,,CSE-03
22052124,,,CSE-20
22052125,,,CSE-06
22052127,,,CSE-34
22052128,,,CSE-47
22052129,,,CSE-34
22052130,,,CSE-14
22052131,,,CSE-53
22052132,,,CSE-17
22052133,,,CSE-36
22052134,,,CSE-07
22052135,,,CSE-37
22052136,,,CSE-14
22052137,,,CSE-47
22052138,,,CSE-27
22052139,,,CSE-17
22052140,,,CSE-22
22052141,,,CSE-31
22052143,,,CSE-33
22052144,,,CSE-42
22052146,,,CSE-47
22052147,,,CSE-27
22052148,,,CSE-05
22052149,,,CSE-11
22052150,,,CSE-02
22052151,,,CSE-10
22052152,,,CSE-25
22052153,,,CSE-42
22052154,,,CSE-52
22052155,,,CSE-26
22052156,,,CSE-28
22052157,,,CSE-45
22052158,,,CSE-11
22052159,,,CSE-13
22052160,,,CSE-09
22052161,,,CSE-41
22052162,,,CSE-13
22052163,,,CSE-47
22052164,,,CSE-49
22052165,,,CSE-43
22052166,,,CSE-09
22052167,,,CSE-30
22052168,,,CSE-47
22052169,,,CSE-53
22052171,,,CSE-05
22052172,,,CSE-26
22052173,,,CSE-24
22052174,,,CSE-44
22052175,,,CSE-28
22052176,,,CSE-36
22052177,,,CSE-36
22052178,,,CSE-13
22052179,,,CSE-05
22052180,,,CSE-28
22052181,,,CSE-28
22052182,,,CSE-28
22052184,,,CSE-35
22052185,,,CSE-12
22052187,,,CSE-35
22052188,,,CSE-32
22052189,,,CSE-43
22052190,,,CSE-35
22052191,,,CSE-35
22052192,,,CSE-35
22052193,,,CSE-43
22052195,,,CSE-27
22052196,,,CSE-36
22052197,,,CSE-39
22052198,,,CSE-16
22052199,,,CSE-14
22052200,,,CSE-47
22052201,,,CSE-39
22052202,,,CSE-14
22052203,,,CSE-31
22052204,,,CSE-38
22052206,,,CSE-47
22052207,,,CSE-08
22052208,,,CSE-50
22052209,,,CSE-10
22052210,,,CSE-30
22052211,,,CSE-30
22052213,,,CSE-13
22052214,,,CSE-35
22052215,,,CSE-08
22052216,,,CSE-52
22052217,,,CSE-47
22052218,,,CSE-38
22052219,,,CSE-19
22052220,,,CSE-19
22052221,,,CSE-30
22052222,,,CSE-39
22052223,,,CSE-42
22052224,,,CSE-30
22052225,,,CSE-44
22052226,,,CSE-41
22052227,,,CSE-26
22052228,,,CSE-09
22052229,,,CSE-43
22052230,,,CSE-43
22052231,,,CSE-36
22052232,,,CSE-26
22052234,,,CSE-42
22052235,,,CSE-43
22052236,,,CSE-42
22052237,,,CSE-52
22052238,,,CSE-28
22052239,,,CSE-24
22052240,,,CSE-17
22052241,,,CSE-02
22052242,,,CSE-26
22052243,,,CSE-30
22052244,,,CSE-08
22052245,,,CSE-14
22052246,,,CSE-02
22052247,,,CSE-50
22052248,,,CSE-09
22052249,,,CSE-14
22052250,,,CSE-48
22052251,,,CSE-30
22052252,,,CSE-38
22052253,,,CSE-25
22052254,,,CSE-30
22052255,,,CSE-18
22052256,,,CSE-42
22052257,,,CSE-21
22052258,,,CSE-41
22052259,,,CSE-30
22052260,,,CSE-38
22052261,,,CSE-05
22052262,,,CSE-23
22052263,,,CSE-49
22052264,,,CSE-49
22052265,,,CSE-14
22052266,,,CSE-24
22052267,,,CSE-37
22052268,,,CSE-05
22052269,,,CSE-13
22052270,,,CSE-36
22052271,,,CSE-05
22052272,,,CSE-55
22052273,,,CSE-17
22052274,,,CSE-05
22052275,,,CSE-05
22052277,,,CSE-23
22052278,,,CSE-02
22052279,,,CSE-24
22052280,,,CSE-55
22052282,,,CSE-17
22052283,,,CSE-24
22052284,,,CSE-24
22052285,,,CSE-21
22052286,,,CSE-37
22052288,,,CSE-30
22052289,,,CSE-35
22052291,,,CSE-24
22052292,,,CSE-45
22052294,,,CSE-39
22052295,,,CSE-48
22052296,,,CSE-42
22052297,,,CSE-36
22052298,,,CSE-21
22052299,,,CSE-26
22052300,,,CSE-26
22052301,,,CSE-32
22052302,,,CSE-15
22052303,,,CSE-17
22052304,,,CSE-32
22052306,,,CSE-15
22052307,,,CSE-19
22052308,,,CSE-05
22052309,,,CSE-20
22052310,,,CSE-17
22052311,,,CSE-44
22052312,,,CSE-21
22052313,,,CSE-16
22052315,,,CSE-19
22052316,,,CSE-18
22052317,,,CSE-51
22052320,,,CSE-42
22052321,,,CSE-29
22052322,,,CSE-29
22052323,,,CSE-30
22052324,,,CSE-05
22052325,,,CSE-29
22052326,,,CSE-29
22052327,,,CSE-51
22052328,,,CSE-31
22052329,,,CSE-32
22052330,,,CSE-09
22052331,,,CSE-44
22052332,,,CSE-29
22052333,,,CSE-24
22052334,,,CSE-22
22052335,,,CSE-07
22052337,,,CSE-29
22052338,,,CSE-15
22052340,,,CSE-15
22052341,,,CSE-43
22052342,,,CSE-18
22052343,,,CSE-37
22052344,,,CSE-02
22052345,,,CSE-25
22052346,,,CSE-30
22052347,,,CSE-29
22052348,,,CSE-10
22052349,,,CSE-36
22052350,,,CSE-26
22052351,,,CSE-03
22052352,,,CSE-02
22052353,,,CSE-46
22052354,,,CSE-08
22052355,,,CSE-01
22052356,,,CSE-01
22052357,,,CSE-18
22052358,,,CSE-46
22052359,,,CSE-38
22052360,,,CSE-53
22052361,,,CSE-49
22052362,,,CSE-33
22052363,,,CSE-18
22052364,,,CSE-17
22052365,,,CSE-46
22052366,,,CSE-01
22052367,,,CSE-02
22052368,,,CSE-29
22052369,,,CSE-31
22052370,,,CSE-30
22052373,,,CSE-51
22052374,,,CSE-01
22052375,,,CSE-14
22052376,,,CSE-49
22052377,,,CSE-53
22052378,,,CSE-22
22052379,,,CSE-52
22052380,,,CSE-50
22052381,,,CSE-49
22052382,,,CSE-44
22052383,,,CSE-16
22052384,,,CSE-02
22052385,,,CSE-02
22052386,,,CSE-14
22052387,,,CSE-18
22052388,,,CSE-54
22052389,,,CSE-42
22052390,,,CSE-26
22052391,,,CSE-32
22052392,,,CSE-29
22052393,,,CSE-29
22052394,,,CSE-16
22052395,,,CSE-30
22052396,,,CSE-49
22052397,,,CSE-15
22052398,,,CSE-18
22052401,,,CSE-24
22052402,,,CSE-15
22052403,,,CSE-20
22052404,,,CSE-53
22052405,,,CSE-48
22052406,,,CSE-11
22052407,,,CSE-01
22052408,,,CSE-44
22052409,,,CSE-48
22052410,,,CSE-48
22052411,,,CSE-10
22052412,,,CSE-01
22052413,,,CSE-51
22052415,,,CSE-47
22052416,,,CSE-44
22052417,,,CSE-51
22052418,,,CSE-47
22052419,,,CSE-25
22052420,,,CSE-53
22052421,,,CSE-29
22052422,,,CSE-19
22052423,,,CSE-52
22052424,,,CSE-52
22052425,,,CSE-37
22052426,,,CSE-30
22052427,,,CSE-09
22052428,,,CSE-25
22052429,,,CSE-37
22052430,,,CSE-28
22052431,,,CSE-29
22052432,,,CSE-28
22052433,,,CSE-36
22052434,,,CSE-26
22052435,,,CSE-50
22052436,,,CSE-13
22052437,,,CSE-46
22052438,,,CSE-26
22052439,,,CSE-01
22052440,,,CSE-04
22052441,,,CSE-26
22052442,,,CSE-26
22052443,,,CSE-07
22052444,,,CSE-05
22052445,,,CSE-37
22052446,,,CSE-37
22052447,,,CSE-07
22052448,,,CSE-07
22052449,,,CSE-33
22052450,,,CSE-50
22052451,,,CSE-19
22052452,,,CSE-29
22052454,,,CSE-03
22052455,,,CSE-50
22052456,,,CSE-31
22052457,,,CSE-46
22052458,,,CSE-06
22052459,,,CSE-04
22052460,,,CSE-03
22052461,,,CSE-07
22052462,,,CSE-53
22052463,,,CSE-07
22052464,,,CSE-13
22052465,,,CSE-44
22052466,,,CSE-54
22052467,,,CSE-37
22052469,,,CSE-29
22052470,,,CSE-30
22052471,,,CSE-29
22052472,,,CSE-29
22052473,,,CSE-26
22052474,,,CSE-25
22052475,,,CSE-32
22052476,,,CSE-45
22052477,,,CSE-19
22052478,,,CSE-44
22052479,,,CSE-01
22052480,,,CSE-24
22052481,,,CSE-13
22052482,,,CSE-50
22052483,,,CSE-24
22052484,,,CSE-33
22052485,,,CSE-11
22052486,,,CSE-19
22052487,,,CSE-29
22052488,,,CSE-43
22052489,,,CSE-55
22052490,,,CSE-48
22052491,,,CSE-24
22052492,,,CSE-03
22052494,,,CSE-29
22052495,,,CSE-25
22052496,,,CSE-11
22052497,,,CSE-24
22052498,,,CSE-25
22052499,,,CSE-28
22052500,,,CSE-07
22052501,,,CSE-55
22052502,,,CSE-48
22052503,,,CSE-29
22052504,,,CSE-10
22052506,,,CSE-31
22052507,,,CSE-19
22052508,,,CSE-16
22052509,,,CSE-53
22052511,,,CSE-19
22052512,,,CSE-37
22052513,,,CSE-16
22052514,,,CSE-07
22052515,,,CSE-11
22052516,,,CSE-24
22052517,,,CSE-37
22052518,,,CSE-07
22052519,,,CSE-33
22052521,,,CSE-23
22052522,,,CSE-07
22052523,,,CSE-01
22052524,,,CSE-10
22052525,,,CSE-51
22052527,,,CSE-51
22052528,,,CSE-55
22052529,,,CSE-55
22052530,,,CSE-23
22052532,,,CSE-07
22052533,,,CSE-17
22052534,,,CSE-46
22052535,,,CSE-46
22052536,,,CSE-29
22052537,,,CSE-35
22052538,,,CSE-44
22052539,,,CSE-10
22052540,,,CSE-29
22052541,,,CSE-16
22052542,,,CSE-16
22052543,,,CSE-17
22052544,,,CSE-01
22052545,,,CSE-15
22052546,,,CSE-55
22052547,,,CSE-09
22052548,,,CSE-51
22052549,,,CSE-42
22052550,,,CSE-42
22052551,,,CSE-15
22052552,,,CSE-08
22052553,,,CSE-03
22052554,,,CSE-10
22052555,,,CSE-30
22052556,,,CSE-41
22052557,,,CSE-51
22052558,,,CSE-13
22052559,,,CSE-17
22052560,,,CSE-55
22052561,,,CSE-08
22052562,,,CSE-30
22052563,,,CSE-10
22052564,,,CSE-55
22052565,,,CSE-50
22052567,,,CSE-10
22052568,,,CSE-07
22052569,,,CSE-02
22052571,,,CSE-19
22052572,,,CSE-23
22052573,,,CSE-16
22052574,,,CSE-51
22052575,,,CSE-32
22052576,,,CSE-02
22052577,,,CSE-26
22052579,,,CSE-09
22052582,,,CSE-09
22052583,,,CSE-02
22052585,,,CSE-23
22052586,,,CSE-11
22052587,,,CSE-34
22052588,,,CSE-41
22052589,,,CSE-51
22052590,,,CSE-26
22052592,,,CSE-09
22052594,,,CSE-27
22052595,,,CSE-55
22052597,,,CSE-23
22052598,,,CSE-51
22052599,,,CSE-09
22052600,,,CSE-51
22052601,,,CSE-16
22052602,,,CSE-29
22052603,,,CSE-46
22052604,,,CSE-10
22052605,,,CSE-04
22052606,,,CSE-38
22052607,,,CSE-26
22052608,,,CSE-10
22052609,,,CSE-05
22052610,,,CSE-05
22052611,,,CSE-14
22052612,,,CSE-50
22052613,,,CSE-55
22052614,,,CSE-41
22052615,,,CSE-04
22052616,,,CSE-06
22052617,,,CSE-32
22052618,,,CSE-47
22052619,,,CSE-29
22052620,,,CSE-28
22052621,,,CSE-55
22052622,,,CSE-15
22052623,,,CSE-42
22052624,,,CSE-29
22052625,,,CSE-22
22052626,,,CSE-27
22052627,,,CSE-11
22052628,,,CSE-30
22052629,,,CSE-51
22052630,,,CSE-55
22052631,,,CSE-06
22052632,,,CSE-11
22052633,,,CSE-11
22052634,,,CSE-43
22052636,,,CSE-17
22052637,,,CSE-01
22052638,,,CSE-13
22052639,,,CSE-11
22052640,,,CSE-10
22052641,,,CSE-44
22052642,,,CSE-44
22052643,,,CSE-40
22052644,,,CSE-04
22052645,,,CSE-32
22052646,,,CSE-11
22052647,,,CSE-12
22052648,,,CSE-29
22052649,,,CSE-17
22052650,,,CSE-17
22052651,,,CSE-32
22052652,,,CSE-12
22052653,,,CSE-14
22052654,,,CSE-08
22052655,,,CSE-54
22052657,,,CSE-12
22052658,,,CSE-14
22052659,,,CSE-01
22052660,,,CSE-55
22052661,,,CSE-08
22052662,,,CSE-17
22052663,,,CSE-55
22052664,,,CSE-32
22052665,,,CSE-01
22052666,,,CSE-23
22052667,,,CSE-44
22052668,,,CSE-35
22052669,,,CSE-42
22052670,,,CSE-14
22052671,,,CSE-37
22052672,,,CSE-52
22052673,,,CSE-37
22052674,,,CSE-40
22052675,,,CSE-38
22052676,,,CSE-55
22052677,,,CSE-07
22052678,,,CSE-44
22052679,,,CSE-47
22052680,,,CSE-47
22052681,,,CSE-37
22052682,,,CSE-19
22052683,,,CSE-44
22052684,,,CSE-14
22052685,,,CSE-44
22052686,,,CSE-02
22052687,,,CSE-09
22052688,,,CSE-15
22052689,,,CSE-07
22052690,,,CSE-11
22052691,,,CSE-22
22052692,,,CSE-14
22052693,,,CSE-44
22052694,,,CSE-02
22052695,,,CSE-16
22052696,,,CSE-19
22052697,,,CSE-14
22052698,,,CSE-21
22052699,,,CSE-51
22052700,,,CSE-30
22052701,,,CSE-55
22052702,,,CSE-29
22052703,,,CSE-29
22052704,,,CSE-42
22052705,,,CSE-15
22052706,,,CSE-02
22052707,,,CSE-44
22052708,,,CSE-16
22052709,,,CSE-44
22052710,,,CSE-14
22052711,,,CSE-41
22052712,,,CSE-10
22052713,,,CSE-49
22052714,,,CSE-16
22052715,,,CSE-49
22052716,,,CSE-49
22052717,,,CSE-33
22052718,,,CSE-24
22052720,,,CSE-31
22052721,,,CSE-50
22052722,,,CSE-10
22052723,,,CSE-40
22052724,,,CSE-18
22052725,,,CSE-40
22052726,,,CSE-13
22052727,,,CSE-40
22052728,,,CSE-50
22052729,,,CSE-52
22052730,,,CSE-06
22052731,,,CSE-26
22052732,,,CSE-19
22052733,,,CSE-40
22052734,,,CSE-20
22052735,,,CSE-13
22052736,,,CSE-51
22052737,,,CSE-14
22052738,,,CSE-13
22052739,,,CSE-54
22052740,,,CSE-49
22052741,,,CSE-41
22052742,,,CSE-52
22052743,,,CSE-40
22052744,,,CSE-49
22052745,,,CSE-29
22052746,,,CSE-37
22052747,,,CSE-37
22052748,,,CSE-44
22052749,,,CSE-19
22052750,,,CSE-06
22052751,,,CSE-37
22052752,,,CSE-55
22052753,,,CSE-41
22052754,,,CSE-29
22052755,,,CSE-41
22052756,,,CSE-51
22052757,,,CSE-41
22052758,,,CSE-14
22052759,,,CSE-51
22052761,,,CSE-44
22052762,,,CSE-53
22052763,,,CSE-44
22052764,,,CSE-49
22052765,,,CSE-11
22052766,,,CSE-25
22052767,,,CSE-29
22052768,,,CSE-37
22052769,,,CSE-11
22052770,,,CSE-54
22052771,,,CSE-37
22052772,,,CSE-11
22052773,,,CSE-11
22052774,,,CSE-44
22052775,,,CSE-16
22052776,,,CSE-37
22052777,,,CSE-50
22052779,,,CSE-02
22052780,,,CSE-10
22052781,,,CSE-48
22052782,,,CSE-14
22052784,,,CSE-39
22052785,,,CSE-27
22052786,,,CSE-14
22052787,,,CSE-34
22052788,,,CSE-06
22052789,,,CSE-06
22052790,,,CSE-26
22052791,,,CSE-31
22052792,,,CSE-34
22052793,,,CSE-01
22052794,,,CSE-49
22052795,,,CSE-53
22052796,,,CSE-55
22052797,,,CSE-18
22052799,,,CSE-34
22052800,,,CSE-41
22052801,,,CSE-40
22052802,,,CSE-04
22052803,,,CSE-34
22052804,,,CSE-27
22052805,,,CSE-51
22052806,,,CSE-48
22052807,,,CSE-42
22052808,,,CSE-41
22052809,,,CSE-06
22052810,,,CSE-32
22052811,,,CSE-06
22052812,,,CSE-09
22052813,,,CSE-32
22052814,,,CSE-27
22052815,,,CSE-28
22052816,,,CSE-06
22052817,,,CSE-40
22052818,,,CSE-14
22052819,,,CSE-06
22052820,,,CSE-06
22052821,,,CSE-39
22052822,,,CSE-27
22052823,,,CSE-14
22052824,,,CSE-41
22052825,,,CSE-06
22052826,,,CSE-04
22052827,,,CSE-14
22052828,,,CSE-48
22052829,,,CSE-06
22052831,,,CSE-05
22052832,,,CSE-49
22052833,,,CSE-20
22052834,,,CSE-48
22052835,,,CSE-20
22052836,,,CSE-20
22052838,,,CSE-53
22052839,,,CSE-04
22052840,,,CSE-51
22052841,,,CSE-20
22052842,,,CSE-48
22052843,,,CSE-06
22052844,,,CSE-48
22052845,,,CSE-30
22052846,,,CSE-14
22052847,,,CSE-48
22052848,,,CSE-09
22052849,,,CSE-27
22052850,,,CSE-15
22052851,,,CSE-15
22052852,,,CSE-12
22052853,,,CSE-48
22052855,,,CSE-21
22052856,,,CSE-09
22052857,,,CSE-41
22052858,,,CSE-38
22052859,,,CSE-27
22052860,,,CSE-37
22052861,,,CSE-27
22052862,,,CSE-09
22052863,,,CSE-38
22052864,,,CSE-26
22052865,,,CSE-11
22052866,,,CSE-11
22052867,,,CSE-28
22052868,,,CSE-48
22052869,,,CSE-33
22052870,,,CSE-05
22052871,,,CSE-12
22052872,,,CSE-38
22052873,,,CSE-51
22052874,,,CSE-51
22052875,,,CSE-55
22052876,,,CSE-04
22052877,,,CSE-05
22052878,,,CSE-29
22052879,,,CSE-32
22052880,,,CSE-32
22052881,,,CSE-24
22052882,,,CSE-05
22052883,,,CSE-31
22052884,,,CSE-26
22052885,,,CSE-15
22052886,,,CSE-51
22052887,,,CSE-51
22052888,,,CSE-51
22052889,,,CSE-50
22052890,,,CSE-02
22052891,,,CSE-05
22052892,,,CSE-38
22052893,,,CSE-42
22052894,,,CSE-06
22052895,,,CSE-46
22052896,,,CSE-51
22052897,,,CSE-40
22052898,,,CSE-15
22052899,,,CSE-03
22052900,,,CSE-03
22052901,,,CSE-27
22052902,,,CSE-26
22052903,,,CSE-28
22052904,,,CSE-30
22052906,,,CSE-30
22052907,,,CSE-30
22052908,,,CSE-36
22052909,,,CSE-30
22052910,,,CSE-32
22052911,,,CSE-11
22052912,,,CSE-11
22052913,,,CSE-11
22052914,,,CSE-13
22052915,,,CSE-50
22052916,,,CSE-12
22052918,,,CSE-37
22052919,,,CSE-37
22052920,,,CSE-42
22052921,,,CSE-35
22052922,,,CSE-34
22052923,,,CSE-50
22052924,,,CSE-14
22052925,,,CSE-11
22052926,,,CSE-07
22052927,,,CSE-35
22052928,,,CSE-20
22052929,,,CSE-04
22052930,,,CSE-12
22052932,,,CSE-29
22052933,,,CSE-29
22052934,,,CSE-26
22052935,,,CSE-01
22052936,,,CSE-01
22052937,,,CSE-28
22052938,,,CSE-09
22052939,,,CSE-48
22052940,,,CSE-18
22052941,,,CSE-19
22052942,,,CSE-02
22052943,,,CSE-47
22052944,,,CSE-30
22052945,,,CSE-12
22052946,,,CSE-08
22052947,,,CSE-01
22052948,,,CSE-08
22052949,,,CSE-43
22052950,,,CSE-02
22052951,,,CSE-01
22052952,,,CSE-21
22052953,,,CSE-07
22052954,,,CSE-01
22052955,,,CSE-21
22052956,,,CSE-43
22052958,,,CSE-54
22052959,,,CSE-48
22052960,,,CSE-43
22052961,,,CSE-22
22052962,,,CSE-13
22052963,,,CSE-17
22052964,,,CSE-26
22052965,,,CSE-37
22052966,,,CSE-51
22052967,,,CSE-38
22052968,,,CSE-17
22052969,,,CSE-54
22052970,,,CSE-54
22052971,,,CSE-24
22052973,,,CSE-16
22052974,,,CSE-39
22052975,,,CSE-55
22052976,,,CSE-18
22052977,,,CSE-22
22052978,,,CSE-12
22052979,,,CSE-43
22052980,,,CSE-48
22052981,,,CSE-33
22052982,,,CSE-47
22052983,,,CSE-23
22052984,,,CSE-17
22052985,,,CSE-17
22052986,,,CSE-01
22052987,,,CSE-40
22052988,,,CSE-36
22052989,,,CSE-14
22052990,,,CSE-37
22052991,,,CSE-17
22052992,,,CSE-16
22052993,,,CSE-13
22052994,,,CSE-30
22052995,,,CSE-17
22052996,,,CSE-13
22052997,,,CSE-12
22052998,,,CSE-17
22052999,,,CSE-12
22053001,,,CSE-17
22053002,,,CSE-27
22053003,,,CSE-15
22053004,,,CSE-30
22053005,,,CSE-33
22053006,,,CSE-44
22053007,,,CSE-01
22053008,,,CSE-27
22053009,,,CSE-33
22053011,,,CSE-10
22053012,,,CSE-52
22053013,,,CSE-15
22053014,,,CSE-02
22053015,,,CSE-02
22053016,,,CSE-02
22053017,,,CSE-40
22053018,,,CSE-26
22053019,,,CSE-06
22053020,,,CSE-06
22053021,,,CSE-34
22053022,,,CSE-17
22053023,,,CSE-44
22053024,,,CSE-51
22053025,,,CSE-28
22053027,,,CSE-48
22053028,,,CSE-48
22053029,,,CSE-55
22053030,,,CSE-55
22053032,,,CSE-18
22053033,,,CSE-28
22053034,,,CSE-13
22053035,,,CSE-17
22053036,,,CSE-13
22053037,,,CSE-28
22053038,,,CSE-01
22053039,,,CSE-49
22053040,,,CSE-26
22053041,,,CSE-26
22053042,,,CSE-13
22053043,,,CSE-16
22053044,,,CSE-39
22053045,,,CSE-52
22053046,,,CSE-27
22053047,,,CSE-48
22053048,,,CSE-27
22053049,,,CSE-15
22053050,,,CSE-35
22053051,,,CSE-33
22053052,,,CSE-09
22053053,,,CSE-33
22053054,,,CSE-03
22053055,,,CSE-27
22053056,,,CSE-27
22053057,,,CSE-44
22053058,,,CSE-49
22053060,,,CSE-14
22053061,,,CSE-49
22053062,,,CSE-03
22053063,,,CSE-33
22053064,,,CSE-19
22053065,,,CSE-36
22053066,,,CSE-44
22053067,,,CSE-34
22053068,,,CSE-14
22053069,,,CSE-14
22053070,,,CSE-49
22053071,,,CSE-13
22053072,,,CSE-27
22053073,,,CSE-40
22053074,,,CSE-08
22053075,,,CSE-19
22053076,,,CSE-27
22053077,,,CSE-30
22053078,,,CSE-14
22053079,,,CSE-27
22053080,,,CSE-16
22053081,,,CSE-35
22053082,,,CSE-27
22053083,,,CSE-43
22053084,,,CSE-14
22053085,,,CSE-43
22053086,,,CSE-48
22053087,,,CSE-27
22053088,,,CSE-35
22053089,,,CSE-15
22053090,,,CSE-48
22053091,,,CSE-20
22053092,,,CSE-37
22053093,,,CSE-03
22053094,,,CSE-42
22053095,,,CSE-06
22053096,,,CSE-21
22053097,,,CSE-04
22053098,,,CSE-35
22053099,,,CSE-48
22053100,,,CSE-08
22053101,,,CSE-15
22053102,,,CSE-49
22053103,,,CSE-49
22053104,,,CSE-33
22053105,,,CSE-33
22053106,,,CSE-33
22053107,,,CSE-49
22053108,,,CSE-34
22053109,,,CSE-22
22053110,,,CSE-25
22053111,,,CSE-26
22053112,,,CSE-31
22053114,,,CSE-36
22053115,,,CSE-12
22053116,,,CSE-27
22053117,,,CSE-19
22053118,,,CSE-41
22053119,,,CSE-29
22053120,,,CSE-03
22053121,,,CSE-21
22053122,,,CSE-34
22053123,,,CSE-49
22053124,,,CSE-41
22053125,,,CSE-12
22053126,,,CSE-53
22053127,,,CSE-33
22053128,,,CSE-15
22053129,,,CSE-33
22053130,,,CSE-33
22053131,,,CSE-33
22053132,,,CSE-25
22053133,,,CSE-26
22053134,,,CSE-17
22053135,,,CSE-17
22053136,,,CSE-38
22053137,,,CSE-16
22053138,,,CSE-36
22053139,,,CSE-32
22053140,,,CSE-16
22053141,,,CSE-15
22053142,,,CSE-27
22053143,,,CSE-21
22053145,,,CSE-33
22053146,,,CSE-30
22053147,,,CSE-35
22053148,,,CSE-03
22053150,,,CSE-51
22053152,,,CSE-26
22053153,,,CSE-18
22053154,,,CSE-19
22053155,,,CSE-54
22053156,,,CSE-16
22053157,,,CSE-04
22053158,,,CSE-44
22053159,,,CSE-52
22053160,,,CSE-40
22053161,,,CSE-11
22053162,,,CSE-24
22053163,,,CSE-17
22053164,,,CSE-06
22053165,,,CSE-40
22053166,,,CSE-14
22053167,,,CSE-14
22053168,,,CSE-25
22053169,,,CSE-02
22053170,,,CSE-26
22053171,,,CSE-54
22053172,,,CSE-14
22053173,,,CSE-12
22053174,,,CSE-42
22053175,,,CSE-51
22053176,,,CSE-10
22053177,,,CSE-38
22053178,,,CSE-15
22053179,,,CSE-09
22053180,,,CSE-25
22053181,,,CSE-10
22053182,,,CSE-06
22053183,,,CSE-16
22053184,,,CSE-16
22053185,,,CSE-38
22053186,,,CSE-54
22053187,,,CSE-10
22053188,,,CSE-38
22053189,,,CSE-26
22053190,,,CSE-44
22053191,,,CSE-01
22053192,,,CSE-43
22053193,,,CSE-44
22053194,,,CSE-41
22053195,,,CSE-04
22053196,,,CSE-39
22053198,,,CSE-44
22053199,,,CSE-44
22053200,,,CSE-49
22053201,,,CSE-27
22053202,,,CSE-44
22053203,,,CSE-27
22053204,,,CSE-01
22053205,,,CSE-44
22053206,,,CSE-33
22053207,,,CSE-44
22053208,,,CSE-06
22053209,,,CSE-44
22053210,,,CSE-16
22053211,,,CSE-16
22053212,,,CSE-10
22053213,,,CSE-06
22053214,,,CSE-07
22053215,,,CSE-48
22053216,,,CSE-41
22053217,,,CSE-39
22053218,,,CSE-27
22053219,,,CSE-51
22053220,,,CSE-21
22053221,,,CSE-28
22053222,,,CSE-04
22053223,,,CSE-39
22053224,,,CSE-13
22053225,,,CSE-15
22053226,,,CSE-21
22053227,,,CSE-05
22053228,,,CSE-12
22053229,,,CSE-37
22053230,,,CSE-09
22053231,,,CSE-04
22053232,,,CSE-35
22053233,,,CSE-04
22053234,,,CSE-05
22053235,,,CSE-10
22053236,,,CSE-55
22053237,,,CSE-14
22053238,,,CSE-10
22053239,,,CSE-29
22053240,,,CSE-42
22053241,,,CSE-27
22053242,,,CSE-05
22053243,,,CSE-38
22053244,,,CSE-10
22053245,,,CSE-15
22053246,,,CSE-04
22053247,,,CSE-06
22053248,,,CSE-10
22053249,,,CSE-28
22053250,,,CSE-06
22053251,,,CSE-08
22053252,,,CSE-03
22053253,,,CSE-10
22053254,,,CSE-21
22053255,,,CSE-27
22053256,,,CSE-38
22053257,,,CSE-33
22053258,,,CSE-27
22053259,,,CSE-29
22053260,,,CSE-27
22053261,,,CSE-08
22053262,,,CSE-18
22053263,,,CSE-51
22053264,,,CSE-38
22053265,,,CSE-28
22053266,,,CSE-09
22053267,,,CSE-33
22053269,,,CSE-11
22053270,,,CSE-03
22053271,,,CSE-39
22053272,,,CSE-10
22053273,,,CSE-10
22053274,,,CSE-05
22053275,,,CSE-02
22053276,,,CSE-01
22053277,,,CSE-29
22053278,,,CSE-07
22053279,,,CSE-26
22053280,,,CSE-11
22053281,,,CSE-11
22053282,,,CSE-55
22053283,,,CSE-16
22053284,,,CSE-16
22053285,,,CSE-05
22053286,,,CSE-37
22053287,,,CSE-37
22053288,,,CSE-11
22053289,,,CSE-38
22053291,,,CSE-33
22053292,,,CSE-23
22053293,,,CSE-16
22053294,,,CSE-41
22053295,,,CSE-16
22053296,,,CSE-43
22053297,,,CSE-37
22053298,,,CSE-49
22053299,,,CSE-49
22053300,,,CSE-29
22053301,,,CSE-10
22053302,,,CSE-27
22053303,,,CSE-24
22053304,,,CSE-33
22053306,,,CSE-07
22053307,,,CSE-53
22053309,,,CSE-26
22053310,,,CSE-14
22053311,,,CSE-26
22053312,,,CSE-40
22053313,,,CSE-33
22053314,,,CSE-26
22053315,,,CSE-20
22053316,,,CSE-28
22053317,,,CSE-10
22053318,,,CSE-52
22053319,,,CSE-45
22053320,,,CSE-08
22053321,,,CSE-10
22053322,,,CSE-28
22053323,,,CSE-40
22053324,,,CSE-06
22053325,,,CSE-28
22053326,,,CSE-20
22053327,,,CSE-30
22053328,,,CSE-30
22053329,,,CSE-49
22053330,,,CSE-49
22053331,,,CSE-27
22053332,,,CSE-15
22053334,,,CSE-21
22053335,,,CSE-09
22053336,,,CSE-45
22053337,,,CSE-55
22053338,,,CSE-44
22053339,,,CSE-09
22053340,,,CSE-10
22053341,,,CSE-15
22053342,,,CSE-31
22053343,,,CSE-40
22053344,,,CSE-22
22053345,,,CSE-21
22053346,,,CSE-28
22053347,,,CSE-33
22053348,,,CSE-20
22053349,,,CSE-15
22053350,,,CSE-07
22053351,,,CSE-05
22053352,,,CSE-01
22053353,,,CSE-30
22053354,,,CSE-02
22053355,,,CSE-33
22053356,,,CSE-28
22053357,,,CSE-29
22053358,,,CSE-14
22053359,,,CSE-40
22053360,,,CSE-04
22053361,,,CSE-10
22053362,,,CSE-28
22053363,,,CSE-02
22053364,,,CSE-11
22053365,,,CSE-51
22053366,,,CSE-30
22053367,,,CSE-54
22053368,,,CSE-11
22053369,,,CSE-40
22053372,,,CSE-53
22053373,,,CSE-52
22053374,,,CSE-53
22053375,,,CSE-02
22053376,,,CSE-43
22053377,,,CSE-52
22053378,,,CSE-43
22053379,,,CSE-53
22053380,,,CSE-43
22053382,,,CSE-52
22053383,,,CSE-52
22053384,,,CSE-43
22053386,,,CSE-43
22053387,,,CSE-28
22053388,,,CSE-27
22053390,,,CSE-28
22053391,,,CSE-44
22053392,,,CSE-36
22053395,,,CSE-36
22053396,,,CSE-39
22053398,,,CSE-46
22053399,,,CSE-39
22053400,,,CSE-46
22053401,,,CSE-06
22053402,,,CSE-34
22053403,,,CSE-05
22053404,,,CSE-36
22053405,,,CSE-10
22053406,,,CSE-46
22053408,,,CSE-08
22053409,,,CSE-36
22053410,,,CSE-18
22053411,,,CSE-18
22053412,,,CSE-15
22053413,,,CSE-23
22053414,,,CSE-09
22053415,,,CSE-06
22053416,,,CSE-46
22053417,,,CSE-46
22053418,,,CSE-06
22053422,,,CSE-05
22053423,,,CSE-19
22053424,,,CSE-32
22053426,,,CSE-39
22053427,,,CSE-15
22053428,,,CSE-30
22053429,,,CSE-18
22053430,,,CSE-55
22053431,,,CSE-31
22053432,,,CSE-18
22053433,,,CSE-25
22053434,,,CSE-06
22053435,,,CSE-39
22053436,,,CSE-41
22053437,,,CSE-12
22053439,,,CSE-20
22053440,,,CSE-49
22053441,,,CSE-36
22053443,,,CSE-31
22053444,,,CSE-18
22053445,,,CSE-39
22053447,,,CSE-39
22053448,,,CSE-06
22053449,,,CSE-36
22053450,,,CSE-39
22053451,,,CSE-05
22053452,,,CSE-07
22053453,,,CSE-48
22053454,,,CSE-54
22053455,,,CSE-48
22053456,,,CSE-36
22053458,,,CSE-18
22053459,,,CSE-17
22053460,,,CSE-37
22053461,,,CSE-53
22053462,,,CSE-55
22053463,,,CSE-09
22053464,,,CSE-22
22053465,,,CSE-05
22053466,,,CSE-46
22053467,,,CSE-19
22053468,,,CSE-25
22053469,,,CSE-20
22053470,,,CSE-06
22053471,,,CSE-46
22053473,,,CSE-19
22053474,,,CSE-29
22053476,,,CSE-05
22053477,,,CSE-46
22053478,,,CSE-31
22053479,,,CSE-20
22053481,,,CSE-15
22053482,,,CSE-46
22053483,,,CSE-39
22053484,,,CSE-39
22053485,,,CSE-12
22053486,,,CSE-50
22053487,,,CSE-52
22053488,,,CSE-11
22053489,,,CSE-31
22053490,,,CSE-39
22053491,,,CSE-18
22053493,,,CSE-39
22053494,,,CSE-35
22053495,,,CSE-39
22053496,,,CSE-45
22053497,,,CSE-46
22053499,,,CSE-52
22053501,,,CSE-34
22053502,,,CSE-46
22053503,,,CSE-12
22053504,,,CSE-34
22053505,,,CSE-22
22053507,,,CSE-49
22053508,,,CSE-05
22053510,,,CSE-34
22053511,,,CSE-45
22053514,,,CSE-55
22053515,,,CSE-43
22053516,,,CSE-36
22053517,,,CSE-03
22053519,,,CSE-41
22053520,,,CSE-15
22053523,,,CSE-34
22053527,,,CSE-46
22053528,,,CSE-51
22053529,,,CSE-14
22053530,,,CSE-45
22053531,,,CSE-55
22053532,,,CSE-42
22053533,,,CSE-29
22053534,,,CSE-24
22053535,,,CSE-03
22053538,,,CSE-45
22053539,,,CSE-45
22053540,,,CSE-02
22053541,,,CSE-39
22053542,,,CSE-19
22053543,,,CSE-41
22053546,,,CSE-29
22053547,,,CSE-23
22053548,,,CSE-05
22053549,,,CSE-28
22053550,,,CSE-45
22053553,,,CSE-05
22053554,,,CSE-15
22053555,,,CSE-34
22053556,,,CSE-34
22053558,,,CSE-55
22053560,,,CSE-15
22053561,,,CSE-15
22053562,,,CSE-51
22053563,,,CSE-05
22053564,,,CSE-45
22053565,,,CSE-49
22053566,,,CSE-02
22053567,,,CSE-09
22053568,,,CSE-09
22053569,,,CSE-39
22053570,,,CSE-43
22053571,,,CSE-07
22053572,,,CSE-13
22053573,,,CSE-13
22053574,,,CSE-11
22053575,,,CSE-19
22053577,,,CSE-15
22053578,,,CSE-16
22053579,,,CSE-13
22053580,,,CSE-41
22053581,,,CSE-02
22053582,,,CSE-41
22053583,,,CSE-38
22053584,,,CSE-09
22053585,,,CSE-09
22053586,,,CSE-40
22053587,,,CSE-12
22053588,,,CSE-12
22053589,,,CSE-13
22053590,,,CSE-03
22053591,,,CSE-03
22053592,,,CSE-22
22053593,,,CSE-22
22053594,,,CSE-32
22053595,,,CSE-09
22053596,,,CSE-53
22053597,,,CSE-15
22053598,,,CSE-37
22053599,,,CSE-39
22053600,,,CSE-26
22053601,,,CSE-32
22053602,,,CSE-15
22053603,,,CSE-09
22053604,,,CSE-27
22053605,,,CSE-08
22053606,,,CSE-02
22053607,,,CSE-38
22053608,,,CSE-15
22053609,,,CSE-53
22053610,,,CSE-18
22053611,,,CSE-32
22053612,,,CSE-09
22053613,,,CSE-45
22053614,,,CSE-19
22053615,,,CSE-22
22053616,,,CSE-19
22053617,,,CSE-15
22053618,,,CSE-03
22053619,,,CSE-33
22053620,,,CSE-10
22053621,,,CSE-02
22053622,,,CSE-53
22053623,,,CSE-13
22053625,,,CSE-43
22053626,,,CSE-24
22053627,,,CSE-41
22053628,,,CSE-13
22053629,,,CSE-13
22053630,,,CSE-05
22053632,,,CSE-13
22053633,,,CSE-11
22053634,,,CSE-22
22053635,,,CSE-09
22053636,,,CSE-11
22053637,,,CSE-33
22053638,,,CSE-52
22053639,,,CSE-22
22053640,,,CSE-02
22053641,,,CSE-09
22053642,,,CSE-09
22053643,,,CSE-06
22053644,,,CSE-09
22053645,,,CSE-46
22053646,,,CSE-51
22053648,,,CSE-18
22053649,,,CSE-09
22053650,,,CSE-39
22053651,,,CSE-44
22053652,,,CSE-43
22053653,,,CSE-11
22053654,,,CSE-40
22053655,,,CSE-11
22053656,,,CSE-02
22053657,,,CSE-21
22053658,,,CSE-38
22053659,,,CSE-53
22053660,,,CSE-34
22053661,,,CSE-14
22053662,,,CSE-54
22053663,,,CSE-31
22053664,,,CSE-15
22053665,,,CSE-11
22053667,,,CSE-33
22053668,,,CSE-15
22053669,,,CSE-24
22053670,,,CSE-24
22053671,,,CSE-24
22053673,,,CSE-16
22053674,,,CSE-16
22053676,,,CSE-31
22053677,,,CSE-47
22053678,,,CSE-14
22053679,,,CSE-31
22053680,,,CSE-44
22053681,,,CSE-34
22053682,,,CSE-03
22053683,,,CSE-15
22053684,,,CSE-44
22053685,,,CSE-41
22053687,,,CSE-47
22053688,,,CSE-39
22053690,,,CSE-13
22053691,,,CSE-05
22053692,,,CSE-08
22053693,,,CSE-04
22053694,,,CSE-21
22053696,,,CSE-11
22053697,,,CSE-36
22053698,,,CSE-22
22053699,,,CSE-55
22053700,,,CSE-47
22053701,,,CSE-16
22053702,,,CSE-16
22053703,,,CSE-47
22053704,,,CSE-36
22053705,,,CSE-11
22053706,,,CSE-11
22053708,,,CSE-29
22053709,,,CSE-14
22053710,,,CSE-16
22053711,,,CSE-28
22053712,,,CSE-15
22053713,,,CSE-15
22053714,,,CSE-16
22053715,,,CSE-34
22053716,,,CSE-34
22053717,,,CSE-34
22053718,,,CSE-44
22053719,,,CSE-11
22053720,,,CSE-04
22053721,,,CSE-07
22053722,,,CSE-32
22053724,,,CSE-40
22053726,,,CSE-43
22053728,,,CSE-21
22053729,,,CSE-43
22053730,,,CSE-53
22053731,,,CSE-54
22053732,,,CSE-42
22053733,,,CSE-47
22053734,,,CSE-44
22053736,,,CSE-28
22053737,,,CSE-43
22053739,,,CSE-05
22053740,,,CSE-24
22053741,,,CSE-47
22053742,,,CSE-11
22053744,,,CSE-54
22053745,,,CSE-54
22053747,,,CSE-24
22053749,,,CSE-29
22053751,,,CSE-20
22053752,,,CSE-41
22053753,,,CSE-45
22053754,,,CSE-20
22053755,,,CSE-33
22053756,,,CSE-23
22053757,,,CSE-20
22053758,,,CSE-18
22053759,,,CSE-23
22053760,,,CSE-13
22053761,,,CSE-43
22053762,,,CSE-36
22053763,,,CSE-28
22053764,,,CSE-01
22053765,,,CSE-43
22053766,,,CSE-47
22053767,,,CSE-52
22053768,,,CSE-06
22053770,,,CSE-07
22053772,,,CSE-18
22053774,,,CSE-20
22053775,,,CSE-34
22053776,,,CSE-20
22053777,,,CSE-42
22053778,,,CSE-33
22053781,,,CSE-45
22053782,,,CSE-48
22053783,,,CSE-33
22053784,,,CSE-20
22053786,,,CSE-05
22053787,,,CSE-13
22053788,,,CSE-05
22053789,,,CSE-47
22053791,,,CSE-23
22053793,,,CSE-02
22053794,,,CSE-18
22053795,,,CSE-02
22053796,,,CSE-34
22053797,,,CSE-55
22053800,,,CSE-05
22053803,,,CSE-01
22053804,,,CSE-15
22053805,,,CSE-18
22053806,,,CSE-20
22053807,,,CSE-15
22053808,,,CSE-47
22053809,,,CSE-06
22053810,,,CSE-01
22053811,,,CSE-20
22053812,,,CSE-20
22053813,,,CSE-13
22053814,,,CSE-35
22053815,,,CSE-20
22053816,,,CSE-33
22053817,,,CSE-18
22053818,,,CSE-06
22053819,,,CSE-32
22053820,,,CSE-24
22053821,,,CSE-24
22053822,,,CSE-20
22053824,,,CSE-06
22053825,,,CSE-34
22053826,,,CSE-04
22053827,,,CSE-17
22053828,,,CSE-22
22053829,,,CSE-03
22053830,,,CSE-13
22053831,,,CSE-32
22053832,,,CSE-42
22053833,,,CSE-09
22053834,,,CSE-28
22053835,,,CSE-28
22053836,,,CSE-50
22053837,,,CSE-35
22053838,,,CSE-54
22053839,,,CSE-34
22053840,,,CSE-55
22053841,,,CSE-22
22053842,,,CSE-27
22053843,,,CSE-22
22053844,,,CSE-24
22053845,,,CSE-48
22053846,,,CSE-23
22053847,,,CSE-22
22053848,,,CSE-20
22053849,,,CSE-20
22053850,,,CSE-13
22053851,,,CSE-48
22053852,,,CSE-48
22053853,,,CSE-11
22053855,,,CSE-08
22053856,,,CSE-12
22053857,,,CSE-36
22053858,,,CSE-26
22053859,,,CSE-36
22053860,,,CSE-39
22053861,,,CSE-34
22053864,,,CSE-35
22053865,,,CSE-35
22053866,,,CSE-41
22053867,,,CSE-03
22053868,,,CSE-41
22053869,,,CSE-44
22053870,,,CSE-54
22053871,,,CSE-39
22053872,,,CSE-08
22053873,,,CSE-39
22053875,,,CSE-37
22053876,,,CSE-39
22053877,,,CSE-06
22053878,,,CSE-09
22053879,,,CSE-29
22053880,,,CSE-14
22053881,,,CSE-09
22053882,,,CSE-09
22053883,,,CSE-41
22053884,,,CSE-06
22053885,,,CSE-39
22053886,,,CSE-28
22053887,,,CSE-35
22053888,,,CSE-34
22053889,,,CSE-29
22053890,,,CSE-43
22053891,,,CSE-29
22053892,,,CSE-54
22053893,,,CSE-54
22053895,,,CSE-09
22053897,,,CSE-52
22053898,,,CSE-14
22053899,,,CSE-06
22053900,,,CSE-29
22053901,,,CSE-29
22053902,,,CSE-46
22053903,,,CSE-53
22053904,,,CSE-13
22053905,,,CSE-41
22053906,,,CSE-47
22053907,,,CSE-13
22053908,,,CSE-32
22053909,,,CSE-39
22053910,,,CSE-40
22053911,,,CSE-09
22053912,,,CSE-39
22053913,,,CSE-40
22053914,,,CSE-11
22053915,,,CSE-54
22053916,,,CSE-55
22053917,,,CSE-54
22053918,,,CSE-49
22053919,,,CSE-41
22053921,,,CSE-24
22053922,,,CSE-08
22053923,,,CSE-54
22053924,,,CSE-10
22053925,,,CSE-47
22053926,,,CSE-48
22053927,,,CSE-08
22053928,,,CSE-30
22053929,,,CSE-20
22053930,,,CSE-54
22053931,,,CSE-31
22053932,,,CSE-08
22053933,,,CSE-16
22053934,,,CSE-46
22053935,,,CSE-08
22053936,,,CSE-42
22053938,,,CSE-29
22053939,,,CSE-55
22053940,,,CSE-39
22053941,,,CSE-54
22053942,,,CSE-40
22053943,,,CSE-08
22053944,,,CSE-30
22053945,,,CSE-02
22053946,,,CSE-41
22053947,,,CSE-41
22053948,,,CSE-29
22053949,,,CSE-54
22053950,,,CSE-44
22053951,,,CSE-47
22053952,,,CSE-53
22053953,,,CSE-30
22053954,,,CSE-24
22053955,,,CSE-47
22053956,,,CSE-46
22053958,,,CSE-47
22053960,,,CSE-36
22053961,,,CSE-40
22053962,,,CSE-22
22053963,,,CSE-21
22053964,,,CSE-40
22053965,,,CSE-18
22053966,,,CSE-06
22053967,,,CSE-17
22053968,,,CSE-02
22053969,,,CSE-41
22053970,,,CSE-42
22053971,,,CSE-28
22053972,,,CSE-54
22053973,,,CSE-28
22053976,,,CSE-47
22053977,,,CSE-42
22053978,,,CSE-30
22053979,,,CSE-42
22053980,,,CSE-41
22053981,,,CSE-02
22053982,,,CSE-08
22053983,,,CSE-33
22053984,,,CSE-08
22053985,,,CSE-55
22053986,,,CSE-42
22053987,,,CSE-31
22053988,,,CSE-32
22053989,,,CSE-41
22053990,,,CSE-41
22053992,,,CSE-54
22053993,,,CSE-40
22053994,,,CSE-55
22053995,,,CSE-38
22053996,,,CSE-08
22053997,,,CSE-06
22053998,,,CSE-48
22053999,,,CSE-32
22054000,,,CSE-46
22054001,,,CSE-39
22054002,,,CSE-39
22054003,,,CSE-55
22054004,,,CSE-41
22054005,,,CSE-39
22054006,,,CSE-45
22054007,,,CSE-40
22054008,,,CSE-16
22054009,,,CSE-38
22054010,,,CSE-46
22054011,,,CSE-38
22054012,,,CSE-38
22054013,,,CSE-40
22054014,,,CSE-37
22054015,,,CSE-38
22054016,,,CSE-41
22054017,,,CSE-48
22054019,,,CSE-07
22054020,,,CSE-50
22054021,,,CSE-37
22054022,,,CSE-15
22054023,,,CSE-04
22054024,,,CSE-17
22054027,,,CSE-51
22054028,,,CSE-38
22054029,,,CSE-12
22054030,,,CSE-14
22054031,,,CSE-38
22054032,,,CSE-04
22054033,,,CSE-39
22054034,,,CSE-27
22054035,,,CSE-39
22054036,,,CSE-30
22054037,,,CSE-07
22054038,,,CSE-12
22054039,,,CSE-12
22054040,,,CSE-37
22054041,,,CSE-14
22054042,,,CSE-12
22054043,,,CSE-37
22054044,,,CSE-26
22054045,,,CSE-37
22054046,,,CSE-30
22054047,,,CSE-15
22054049,,,CSE-50
22054050,,,CSE-18
22054051,,,CSE-51
22054052,,,CSE-16
22054053,,,CSE-12
22054054,,,CSE-40
22054057,,,CSE-25
22054058,,,CSE-37
22054059,,,CSE-35
22054060,,,CSE-21
22054061,,,CSE-39
22054062,,,CSE-30
22054064,,,CSE-10
22054065,,,CSE-07
22054066,,,CSE-51
22054067,,,CSE-43
22054068,,,CSE-51
22054069,,,CSE-11
22054070,,,CSE-20
22054071,,,CSE-30
22054072,,,CSE-37
22054073,,,CSE-37
22054074,,,CSE-30
22054075,,,CSE-40
22054077,,,CSE-10
22054078,,,CSE-18
22054079,,,CSE-04
22054080,,,CSE-25
22054081,,,CSE-12
22054082,,,CSE-38
22054083,,,CSE-38
22054084,,,CSE-51
22054085,,,CSE-47
22054086,,,CSE-40
22054088,,,CSE-45
22054089,,,CSE-39
22054090,,,CSE-47
22054091,,,CSE-30
22054092,,,CSE-38
22054095,,,CSE-30
22054096,,,CSE-12
22054097,,,CSE-54
22054098,,,CSE-40
22054099,,,CSE-43
22054100,,,CSE-16
22054102,,,CSE-16
22054103,,,CSE-47
22054104,,,CSE-38
22054105,,,CSE-34
22054106,,,CSE-14
22054107,,,CSE-43
22054108,,,CSE-16
22054109,,,CSE-29
22054110,,,CSE-23
22054111,,,CSE-54
22054113,,,CSE-14
22054114,,,CSE-02
22054115,,,CSE-28
22054117,,,CSE-20
22054118,,,CSE-52
22054119,,,CSE-06
22054120,,,CSE-25
22054121,,,CSE-02
22054122,,,CSE-47
22054123,,,CSE-36
22054124,,,CSE-17
22054125,,,CSE-18
22054126,,,CSE-21
22054128,,,CSE-15
22054129,,,CSE-39
22054130,,,CSE-28
22054131,,,CSE-04
22054132,,,CSE-41
22054133,,,CSE-02
22054134,,,CSE-15
22054135,,,CSE-31
22054137,,,CSE-13
22054138,,,CSE-15
22054139,,,CSE-21
22054140,,,CSE-14
22054141,,,CSE-55
22054142,,,CSE-16
22054144,,,CSE-39
22054145,,,CSE-09
22054146,,,CSE-14
22054147,,,CSE-05
22054148,,,CSE-05
22054150,,,CSE-54
22054151,,,CSE-04
22054152,,,CSE-21
22054153,,,CSE-50
22054154,,,CSE-15
22054155,,,CSE-49
22054156,,,CSE-19
22054157,,,CSE-04
22054158,,,CSE-54
22054159,,,CSE-26
22054160,,,CSE-21
22054162,,,CSE-11
22054163,,,CSE-38
22054164,,,CSE-49
22054165,,,CSE-50
22054166,,,CSE-33
22054167,,,CSE-52
22054168,,,CSE-36
22054169,,,CSE-41
22054170,,,CSE-41
22054171,,,CSE-28
22054172,,,CSE-41
22054173,,,CSE-25
22054174,,,CSE-21
22054176,,,CSE-25
22054177,,,CSE-36
22054178,,,CSE-21
22054180,,,CSE-34
22054181,,,CSE-28
22054182,,,CSE-30
22054183,,,CSE-26
22054184,,,CSE-07
22054185,,,CSE-33
22054186,,,CSE-13
22054187,,,CSE-31
22054188,,,CSE-55
22054189,,,CSE-22
22054191,,,CSE-17
22054192,,,CSE-26
22054193,,,CSE-07
22054194,,,CSE-33
22054196,,,CSE-14
22054197,,,CSE-07
22054198,,,CSE-49
22054199,,,CSE-19
22054200,,,CSE-01
22054201,,,CSE-10
22054202,,,CSE-20
22054203,,,CSE-19
22054204,,,CSE-24
22054206,,,CSE-24
22054207,,,CSE-22
22054208,,,CSE-22
22054209,,,CSE-51
22054210,,,CSE-20
22054211,,,CSE-48
22054212,,,CSE-05
22054213,,,CSE-22
22054214,,,CSE-04
22054215,,,CSE-46
22054216,,,CSE-26
22054217,,,CSE-02
22054218,,,CSE-43
22054219,,,CSE-07
22054220,,,CSE-03
22054221,,,CSE-48
22054222,,,CSE-26
22054223,,,CSE-14
22054224,,,CSE-01
22054225,,,CSE-10
22054226,,,CSE-43
22054227,,,CSE-38
22054228,,,CSE-04
22054229,,,CSE-34
22054230,,,CSE-26
22054231,,,CSE-40
22054232,,,CSE-47
22054233,,,CSE-49
22054234,,,CSE-30
22054235,,,CSE-16
22054236,,,CSE-47
22054238,,,CSE-48
22054239,,,CSE-28
22054241,,,CSE-04
22054242,,,CSE-41
22054243,,,CSE-16
22054244,,,CSE-16
22054245,,,CSE-42
22054246,,,CSE-07
22054247,,,CSE-51
22054248,,,CSE-35
22054249,,,CSE-09
22054250,,,CSE-33
22054251,,,CSE-54
22054252,,,CSE-34
22054253,,,CSE-34
22054254,,,CSE-35
22054255,,,CSE-34
22054256,,,CSE-47
22054257,,,CSE-53
22054258,,,CSE-15
22054261,,,CSE-38
22054262,,,CSE-03
22054263,,,CSE-45
22054264,,,CSE-46
22054265,,,CSE-46
22054266,,,CSE-40
22054267,,,CSE-08
22054268,,,CSE-08
22054269,,,CSE-08
22054270,,,CSE-15
22054271,,,CSE-19
22054272,,,CSE-08
22054273,,,CSE-07
22054274,,,CSE-10
22054275,,,CSE-09
22054276,,,CSE-41
22054277,,,CSE-17
22054278,,,CSE-08
22054279,,,CSE-22
22054280,,,CSE-08
22054281,,,CSE-21
22054282,,,CSE-08
22054283,,,CSE-21
22054284,,,CSE-11
22054285,,,CSE-46
22054286,,,CSE-13
22054287,,,CSE-12
22054288,,,CSE-19
22054289,,,CSE-06
22054290,,,CSE-21
22054291,,,CSE-40
22054292,,,CSE-42
22054293,,,CSE-21
22054295,,,CSE-46
22054298,,,CSE-43
22054299,,,CSE-38
22054300,,,CSE-42
22054301,,,CSE-36
22054302,,,CSE-55
22054303,,,CSE-33
22054304,,,CSE-18
22054305,,,CSE-15
22054306,,,CSE-50
22054307,,,CSE-14
22054308,,,CSE-38
22054311,,,CSE-47
22054312,,,CSE-51
22054313,,,CSE-39
22054314,,,CSE-41
22054316,,,CSE-47
22054317,,,CSE-09
22054318,,,CSE-47
22054319,,,CSE-04
22054320,,,CSE-31
22054321,,,CSE-53
22054322,,,CSE-21
22054323,,,CSE-23
22054324,,,CSE-04
22054325,,,CSE-05
22054326,,,CSE-46
22054327,,,CSE-20
22054328,,,CSE-04
22054329,,,CSE-53
22054330,,,CSE-23
22054331,,,CSE-47
22054332,,,CSE-07
22054334,,,CSE-28
22054335,,,CSE-12
22054336,,,CSE-01
22054337,,,CSE-14
22054338,,,CSE-47
22054339,,,CSE-44
22054340,,,CSE-52
22054341,,,CSE-52
22054342,,,CSE-44
22054343,,,CSE-52
22054344,,,CSE-33
22054345,,,CSE-53
22054346,,,CSE-01
22054347,,,CSE-49
22054348,,,CSE-49
22054349,,,CSE-49
22054350,,,CSE-14
22054351,,,CSE-31
22054352,,,CSE-33
22054353,,,CSE-40
22054355,,,CSE-15
22054356,,,CSE-47
22054357,,,CSE-17
22054358,,,CSE-14
22054359,,,CSE-38
22054360,,,CSE-50
22054361,,,CSE-31
22054362,,,CSE-13
22054363,,,CSE-17
22054364,,,CSE-33
22054365,,,CSE-33
22054366,,,CSE-15
22054368,,,CSE-50
22054369,,,CSE-38
22054370,,,CSE-52
22054371,,,CSE-52
22054372,,,CSE-04
22054373,,,CSE-09
22054375,,,CSE-49
22054376,,,CSE-26
22054377,,,CSE-50
22054378,,,CSE-52
22054379,,,CSE-49
22054380,,,CSE-23
22054381,,,CSE-47
22054382,,,CSE-31
22054383,,,CSE-40
22054384,,,CSE-40
22054385,,,CSE-36
22054386,,,CSE-33
22054388,,,CSE-33
22054389,,,CSE-01
22054390,,,CSE-03
22054391,,,CSE-25
22054393,,,CSE-03
22054394,,,CSE-25
22054395,,,CSE-52
22054397,,,CSE-36
22054398,,,CSE-23
22054399,,,CSE-02
22054400,,,CSE-40
22054402,,,CSE-46
22054403,,,CSE-23
22054404,,,CSE-23
22054405,,,CSE-23
22054407,,,CSE-12
22054408,,,CSE-26
22054409,,,CSE-10
22054410,,,CSE-53
22054411,,,CSE-33
22054412,,,CSE-25
22054413,,,CSE-28
22054414,,,CSE-24
22054415,,,CSE-25
22054416,,,CSE-25
22054417,,,CSE-25
22054418,,,CSE-25
22054419,,,CSE-25
22054420,,,CSE-03
22054421,,,CSE-25
22054422,,,CSE-38
22054423,,,CSE-22
22054424,,,CSE-31
22054425,,,CSE-03
22054426,,,CSE-05
22054427,,,CSE-38
22054428,,,CSE-34
22054429,,,CSE-03
22054430,,,CSE-54
22054431,,,CSE-38
22054432,,,CSE-23
22054433,,,CSE-20
22054434,,,CSE-31
22054436,,,CSE-49
22054437,,,CSE-34
22054438,,,CSE-06
22054439,,,CSE-38
22054440,,,CSE-34
22054441,,,CSE-34
22054442,,,CSE-31
22054443,,,CSE-51
22054444,,,CSE-52
22054445,,,CSE-39
22054446,,,CSE-49
22054447,,,CSE-52
22054448,,,CSE-38
22054449,,,CSE-32
22054450,,,CSE-51
22054451,,,CSE-54
22054452,,,CSE-12
22054453,,,CSE-06
22054454,,,CSE-16
22054455,,,CSE-17
22054456,,,CSE-49
22054457,,,CSE-41
22054459,,,CSE-31
22054460,,,CSE-55
22054461,,,CSE-31
22054462,,,CSE-31
22054463,,,CSE-08
22054464,,,CSE-08
22054465,,,CSE-27
22054466,,,CSE-39
22054467,,,CSE-49
22054468,,,CSE-45
22054469,,,CSE-34
22054470,,,CSE-34
22054471,,,CSE-31
22054472,,,CSE-34
23057003,,,CSE-07
23057005,,,CSE-40
23057006,,,CSE-05
23057007,,,CSE-07
23057008,,,CSE-10
23057010,,,CSE-42
23057011,,,CSE-42
23057012,,,CSE-04
23057013,,,CSE-45
23057015,,,CSE-28
23057016,,,CSE-14
23057017,,,CSE-41
23057018,,,CSE-36
23057019,,,CSE-38
23057020,,,CSE-07
23057021,,,CSE-38
23057022,,,CSE-38
23057023,,,CSE-40
23057026,,,CSE-52
23057029,,,CSE-41
23057030,,,CSE-38
23057031,,,CSE-45
23057032,,,CSE-07
23057033,,,CSE-45
23057034,,,CSE-07
23057036,,,CSE-49
23057037,,,CSE-07
23057038,,,CSE-40
23057040,,,CSE-14
23057042,,,CSE-45
23057043,,,CSE-34
23057044,,,CSE-40
23057046,,,CSE-40
23057047,,,CSE-37
23057048,,,CSE-01
23057049,,,CSE-40
23057050,,,CSE-40
23057051,,,CSE-41
23057052,,,CSE-30
23057053,,,CSE-39
23057054,,,CSE-30
23057055,,,CSE-11
23057056,,,CSE-30
23057057,,,CSE-40
23057058,,,CSE-40
23057059,,,CSE-03
23057060,,,CSE-41
23057063,,,CSE-07
23057064,,,CSE-26
2205008,,,CSE-07
2205045,,,CSE-07
22051324,,,CSE-16
22051330,,,CSE-09
22051421,,,CSE-08
22051484,,,CSE-09
22051775,,,CSE-39
22051907,,,CSE-09
22052046,,,CSE-09
22052078,,,CSE-11
2205237,,,CSE-11
2205265,,,CSE-25
22052760,,,CSE-25
22052854,,,CSE-25
22053151,,,CSE-13
22053672,,,CSE-29
22054127,,,CSE-25
22054294,,,CSE-25
22054296,,,CSE-25
22054297,,,CSE-25
2205718,,,CSE-36
2205761,,,CSE-25
2205867,,,CSE-25
2205944,,,CSE-25
2205946,,,CSE-25
23057004,,,CSE-34
23057025,,,CSE-34
22053419,,,CSE-06
2205141,,,CSE-50
22053631,,,CSE-13
22053686,,,CSE-05
22053407,,,CSE-19
22053420,,,CSE-19
22053624,,,CSE-29
22053666,,,CSE-18
22051545,,,CSE-52
22051902,,,CSE-49
22053370,,,CSE-08
22053381,,,CSE-08
22053513,,,CSE-18
22053512,,,CSE-18
22053480,,,CSE-40
22053675,,,CSE-13
22054396,,,CSE-52
22052837,,,CSE-05
22052719,,,CSE-10
23057061,,,CSE-38
22053545,,,CSE-12
22053727,,,CSE-12
22053498,,,CSE-12
22053522,,,CSE-12
22054143,,,CSE-16
22053308,,,CSE-13
2205657,,,CSE-39
22051910,,,CSE-38
22051695,,,CSE-36
22052505,,,CSE-18
22052931,,,CSE-01
22053472,,,CSE-36
2205559,,,CSE-26
22053723,,,CSE-24
22053957,,,CSE-21
22054406,,,CSE-46
22051297,,,CSE-27
22051463,,,CSE-52
22052114,,,CSE-51
23057014,,,CSE-35
2205150,,,CSE-04
22053333,,,CSE-14
2205377,,,CSE-04
22052183,,,CSE-23
22051426,,,CSE-51
2206001,,,IT-03
2206002,,,IT-03
2206003,,,IT-03
2206004,,,IT-02
2206005,,,IT-04
2206006,,,IT-05
2206007,,,IT-04
2206008,,,IT-03
2206009,,,IT-03
2206010,,,IT-04
2206011,,,IT-02
2206012,,,IT-04
2206013,,,IT-01
2206014,,,IT-02
2206015,,,IT-03
2206016,,,IT-01
2206017,,,IT-04
2206018,,,IT-01
2206019,,,IT-06
2206020,,,IT-01
2206021,,,IT-06
2206022,,,IT-02
2206023,,,IT-01
2206024,,,IT-04
2206025,,,IT-04
2206026,,,IT-03
2206027,,,IT-02
2206028,,,IT-02
2206029,,,IT-01
2206031,,,IT-02
2206032,,,IT-06
2206033,,,IT-02
2206034,,,IT-02
2206035,,,IT-01
2206036,,,IT-06
2206037,,,IT-03
2206038,,,IT-02
2206039,,,IT-04
2206040,,,IT-04
2206041,,,IT-03
2206042,,,IT-03
2206043,,,IT-04
2206044,,,IT-06
2206045,,,IT-05
2206046,,,IT-02
2206047,,,IT-01
2206048,,,IT-01
2206050,,,IT-04
2206051,,,IT-04
2206052,,,IT-05
2206053,,,IT-02
2206055,,,IT-01
2206056,,,IT-05
2206057,,,IT-01
2206058,,,IT-04
2206060,,,IT-04
2206061,,,IT-04
2206062,,,IT-03
2206063,,,IT-01
2206064,,,IT-04
2206065,,,IT-03
2206066,,,IT-02
2206067,,,IT-02
2206068,,,IT-01
2206069,,,IT-01
2206070,,,IT-04
2206071,,,IT-02
2206072,,,IT-04
2206073,,,IT-04
2206074,,,IT-06
2206075,,,IT-03
2206076,,,IT-04
2206077,,,IT-04
2206078,,,IT-02
2206079,,,IT-04
2206080,,,IT-01
2206081,,,IT-01
2206082,,,IT-03
2206083,,,IT-01
2206085,,,IT-01
2206086,,,IT-02
2206087,,,IT-05
2206088,,,IT-02
2206089,,,IT-02
2206090,,,IT-06
2206091,,,IT-01
2206092,,,IT-06
2206093,,,IT-06
2206094,,,IT-03
2206097,,,IT-03
2206098,,,IT-01
2206099,,,IT-02
2206100,,,IT-02
2206101,,,IT-03
2206102,,,IT-04
2206103,,,IT-04
2206104,,,IT-01
2206105,,,IT-06
2206106,,,IT-06
2206107,,,IT-06
2206108,,,IT-06
2206109,,,IT-05
2206110,,,IT-05
2206111,,,IT-05
2206112,,,IT-01
2206113,,,IT-06
2206114,,,IT-01
2206115,,,IT-06
2206116,,,IT-04
2206118,,,IT-04
2206119,,,IT-05
2206120,,,IT-06
2206121,,,IT-01
2206122,,,IT-04
2206123,,,IT-02
2206125,,,IT-05
2206126,,,IT-05
2206127,,,IT-05
2206128,,,IT-03
2206129,,,IT-05
2206130,,,IT-01
2206131,,,IT-02
2206132,,,IT-06
2206134,,,IT-02
2206135,,,IT-04
2206136,,,IT-01
2206137,,,IT-05
2206138,,,IT-06
2206139,,,IT-01
2206141,,,IT-06
2206144,,,IT-04
2206145,,,IT-06
2206146,,,IT-05
2206147,,,IT-06
2206148,,,IT-02
2206149,,,IT-04
2206150,,,IT-04
2206151,,,IT-02
2206152,,,IT-02
2206154,,,IT-04
2206155,,,IT-05
2206156,,,IT-03
2206157,,,IT-04
2206158,,,IT-03
2206159,,,IT-04
2206160,,,IT-01
2206161,,,IT-01
2206162,,,IT-04
2206164,,,IT-04
2206165,,,IT-02
2206166,,,IT-03
2206167,,,IT-04
2206168,,,IT-04
2206169,,,IT-03
2206170,,,IT-03
2206171,,,IT-02
2206172,,,IT-01
2206173,,,IT-06
2206174,,,IT-04
2206175,,,IT-04
2206176,,,IT-06
2206177,,,IT-01
2206178,,,IT-04
2206179,,,IT-01
2206180,,,IT-03
2206181,,,IT-03
2206182,,,IT-03
2206183,,,IT-03
2206184,,,IT-06
2206185,,,IT-04
2206186,,,IT-03
2206187,,,IT-06
2206188,,,IT-04
2206189,,,IT-03
2206190,,,IT-06
2206191,,,IT-03
2206192,,,IT-01
2206193,,,IT-06
2206194,,,IT-01
2206195,,,IT-01
2206196,,,IT-02
2206197,,,IT-06
2206198,,,IT-01
2206199,,,IT-01
2206200,,,IT-06
2206201,,,IT-05
2206202,,,IT-06
2206203,,,IT-04
2206204,,,IT-05
2206205,,,IT-01
2206206,,,IT-03
2206207,,,IT-01
2206208,,,IT-01
2206209,,,IT-03
2206210,,,IT-02
2206211,,,IT-01
2206212,,,IT-01
2206213,,,IT-05
2206214,,,IT-03
2206215,,,IT-03
2206216,,,IT-01
2206217,,,IT-02
2206218,,,IT-06
2206219,,,IT-06
2206221,,,IT-06
2206222,,,IT-05
2206223,,,IT-02
2206224,,,IT-03
2206225,,,IT-03
2206226,,,IT-03
2206227,,,IT-06
2206229,,,IT-02
2206230,,,IT-01
2206231,,,IT-04
2206232,,,IT-01
2206233,,,IT-05
2206234,,,IT-05
2206235,,,IT-01
2206236,,,IT-01
2206237,,,IT-04
2206238,,,IT-02
2206239,,,IT-05
2206240,,,IT-04
2206241,,,IT-05
2206242,,,IT-01
2206243,,,IT-01
2206244,,,IT-04
2206245,,,IT-06
2206246,,,IT-06
2206247,,,IT-06
2206248,,,IT-03
2206249,,,IT-06
2206250,,,IT-03
2206251,,,IT-06
2206252,,,IT-06
2206253,,,IT-06
2206254,,,IT-05
2206255,,,IT-05
2206256,,,IT-05
2206257,,,IT-05
2206258,,,IT-02
2206259,,,IT-05
2206261,,,IT-02
2206262,,,IT-02
2206263,,,IT-02
2206264,,,IT-05
2206265,,,IT-05
2206266,,,IT-01
2206267,,,IT-05
2206268,,,IT-04
2206269,,,IT-04
2206270,,,IT-02
2206271,,,IT-01
2206272,,,IT-01
2206273,,,IT-01
2206274,,,IT-06
2206275,,,IT-01
2206276,,,IT-04
2206277,,,IT-04
2206278,,,IT-04
2206279,,,IT-04
2206280,,,IT-03
2206282,,,IT-03
2206283,,,IT-03
2206284,,,IT-06
2206285,,,IT-02
2206286,,,IT-01
2206287,,,IT-01
2206288,,,IT-03
2206289,,,IT-01
2206290,,,IT-01
2206291,,,IT-01
2206292,,,IT-06
2206293,,,IT-01
2206294,,,IT-01
2206295,,,IT-02
2206296,,,IT-04
2206298,,,IT-05
2206299,,,IT-02
2206300,,,IT-03
2206301,,,IT-01
2206302,,,IT-06
2206303,,,IT-01
2206304,,,IT-05
2206305,,,IT-06
2206306,,,IT-03
2206307,,,IT-06
2206308,,,IT-03
2206309,,,IT-02
2206310,,,IT-01
2206312,,,IT-03
2206313,,,IT-05
2206314,,,IT-01
2206315,,,IT-02
2206316,,,IT-02
2206317,,,IT-05
2206318,,,IT-02
2206319,,,IT-06
2206322,,,IT-03
2206323,,,IT-06
2206324,,,IT-06
2206325,,,IT-03
2206326,,,IT-06
2206327,,,IT-03
2206328,,,IT-04
2206329,,,IT-05
2206330,,,IT-03
2206331,,,IT-03
2206332,,,IT-04
2206333,,,IT-03
2206335,,,IT-03
2206336,,,IT-06
2206337,,,IT-03
2206338,,,IT-03
2206340,,,IT-06
2206341,,,IT-05
2206342,,,IT-03
2206343,,,IT-03
2206344,,,IT-03
2206345,,,IT-05
2206346,,,IT-05
2206347,,,IT-03
2206348,,,IT-02
2206349,,,IT-02
2206350,,,IT-03
2206353,,,IT-03
2206354,,,IT-03
2206355,,,IT-03
2206356,,,IT-06
2206357,,,IT-03
2206358,,,IT-05
2206359,,,IT-01
2206361,,,IT-04
2206362,,,IT-04
2206364,,,IT-04
2206365,,,IT-04
2206367,,,IT-03
2206369,,,IT-05
2206370,,,IT-02
2206371,,,IT-03
2206372,,,IT-02
2206374,,,IT-05
2206375,,,IT-03
2206376,,,IT-01
2206377,,,IT-01
2206378,,,IT-01
2206379,,,IT-02
2206380,,,IT-01
2206381,,,IT-04
2206383,,,IT-01
2206385,,,IT-02
2206388,,,IT-02
2206394,,,IT-06
2206395,,,IT-05
2206396,,,IT-02
2206397,,,IT-02
2206398,,,IT-02
2206399,,,IT-03
2206400,,,IT-01
2206401,,,IT-02
2206402,,,IT-02
2206404,,,IT-04
2206405,,,IT-01
2206406,,,IT-02
2206407,,,IT-04
2206408,,,IT-05
2206409,,,IT-05
2206410,,,IT-02
2206411,,,IT-06
2206412,,,IT-06
2206413,,,IT-02
2206414,,,IT-03
2206415,,,IT-02
2206416,,,IT-03
2206417,,,IT-04
2206418,,,IT-05
2206419,,,IT-05
2206420,,,IT-05
2206421,,,IT-03
2206423,,,IT-05
2206424,,,IT-05
2206425,,,IT-05
2306601,,,IT-02
2306602,,,IT-05
2206297,,,IT-04
2206386,,,IT-04
2206281,,,IT-01